OP;                                                              CPU; GPU; HPU; COMPOUND; DI_DE; MISSING; TERT; IN_TOPOS; COUNT; TOPOS_LIST
_quantized::linear_dynamic;                                      YES; NO;  NO;  NA;       NA;    NO;      NO;   NO;           0;
_quantized::linear_prepack_fp16;                                 YES; NO;  NO;  NA;       NA;    NO;      NO;   NO;           0;
_quantized::linear_prepack_fp16_legacy;                          YES; NO;  NO;  NA;       NA;    NO;      NO;   NO;           0;
aten::__ilshift__.Scalar;                                        YES; YES; YES; NO;       DT_DF; NO;      NO;   NO;           0;
aten::__ilshift__.Tensor;                                        YES; YES; YES; NO;       DT_DF; NO;      NO;   NO;           0;
aten::__irshift__.Scalar;                                        YES; YES; YES; NO;       DT_DF; NO;      NO;   NO;           0;
aten::__irshift__.Tensor;                                        YES; YES; YES; NO;       DT_DF; NO;      NO;   NO;           0;
aten::__lshift__.Scalar;                                         YES; YES; YES; NO;       DT_DF; NO;      NO;   NO;           0;
aten::__lshift__.Scalar_out;                                     NO;  NO;  YES; NO;       DT_DT; NO;      NO;   NO;           0;
aten::__lshift__.Tensor;                                         YES; YES; YES; NO;       DT_DF; NO;      NO;   NO;           0;
aten::__lshift__.Tensor_out;                                     NO;  NO;  YES; NO;       DT_DT; NO;      NO;   NO;           0;
aten::__rshift__.Scalar;                                         YES; YES; YES; NO;       DT_DF; NO;      NO;   NO;           0;
aten::__rshift__.Scalar_out;                                     NO;  NO;  YES; NO;       DT_DT; NO;      NO;   NO;           0;
aten::__rshift__.Tensor;                                         YES; YES; YES; NO;       DT_DF; NO;      NO;   NO;           0;
aten::__rshift__.Tensor_out;                                     NO;  NO;  YES; NO;       DT_DT; NO;      NO;   NO;           0;
aten::_adaptive_avg_pool2d;                                      YES; YES; YES; NO;       DT_DF; NO;      NO;   NO;           0;
aten::_adaptive_avg_pool2d_backward;                             YES; YES; YES; NO;       DT_DF; NO;      NO;   NO;           0;
aten::_adaptive_avg_pool3d;                                      YES; YES; NO;  NO;       DT_DF; YES;     NO;   NO;           0;
aten::_adaptive_avg_pool3d_backward;                             YES; YES; NO;  NO;       DT_DF; YES;     NO;   NO;           0;
aten::_add_relu.Scalar;                                          YES; NO;  NO;  NO;       DT_DF; NO;      NO;   NO;           0;
aten::_add_relu.Tensor;                                          YES; NO;  NO;  NO;       DT_DF; NO;      NO;   NO;           0;
aten::_add_relu.out;                                             YES; NO;  NO;  NO;       DT_DF; NO;      NO;   NO;           0;
aten::_add_relu_.Scalar;                                         YES; NO;  NO;  NO;       DT_DF; NO;      NO;   NO;           0;
aten::_add_relu_.Tensor;                                         YES; NO;  NO;  NO;       DT_DF; NO;      NO;   NO;           0;
aten::_addmm_activation;                                         YES; YES; NO;  NO;       DT_DT; YES;     NO;   NO;           0;
aten::_addmm_activation.out;                                     YES; YES; NO;  NO;       DT_DF; YES;     NO;   NO;           0;
aten::_aminmax;                                                  YES; YES; NO;  NO;       DT_DF; YES;     NO;   NO;           0;
aten::_aminmax.dim;                                              YES; YES; NO;  NO;       DT_DF; YES;     NO;   NO;           0;
aten::_amp_foreach_non_finite_check_and_unscale_;                NO;  YES; NO;  NO;       DT_DF; YES;     NO;   NO;           0;
aten::_amp_update_scale_;                                        NO;  YES; NO;  NO;       DT_DF; YES;     NO;   NO;           0;
aten::_assert_async;                                             YES; YES; YES; NO;       DT_DF; NO;      NO;   NO;           0;
aten::_assert_async.msg;                                         YES; YES; NO;  NO;       DT_DF; YES;     NO;   NO;           0;
aten::_cdist_backward;                                           YES; YES; NO;  NO;       DT_DF; YES;     NO;   NO;           0;
aten::_cdist_forward;                                            YES; YES; NO;  NO;       DT_DF; YES;     NO;   NO;           0;
aten::_cholesky_solve_helper;                                    YES; YES; NO;  NO;       DT_DF; YES;     NO;   NO;           0;
aten::_compute_linear_combination;                               YES; YES; NO;  NO;       DT_DF; YES;     NO;   NO;           0;
aten::_compute_linear_combination.out;                           YES; YES; NO;  NO;       DT_DF; YES;     NO;   NO;           0;
aten::_conv_depthwise2d;                                         NO;  YES; NO;  NO;       DT_DF; YES;     NO;   NO;           0;
aten::_conv_depthwise2d.out;                                     NO;  YES; NO;  NO;       DT_DF; YES;     NO;   NO;           0;
aten::_convert_indices_from_coo_to_csr;                          YES; YES; NO;  NO;       DT_DT; YES;     NO;   NO;           0;
aten::_convert_indices_from_coo_to_csr.out;                      YES; YES; NO;  NO;       DT_DF; YES;     NO;   NO;           0;
aten::_convert_indices_from_csr_to_coo;                          YES; YES; NO;  NO;       DT_DT; YES;     NO;   NO;           0;
aten::_convert_indices_from_csr_to_coo.out;                      YES; YES; NO;  NO;       DT_DF; YES;     NO;   NO;           0;
aten::_copy_from;                                                NO;  NO;  YES; NO;       DT_DF; NO;      NO;   NO;           0;
aten::_copy_from_and_resize;                                     NO;  NO;  YES; NO;       DT_DF; NO;      NO;   NO;           0;
aten::_cslt_compress;                                            NO;  YES; NO;  NO;       DT_DF; YES;     NO;   NO;           0;
aten::_cslt_sparse_mm;                                           NO;  YES; NO;  NO;       DT_DF; YES;     NO;   NO;           0;
aten::_ctc_loss;                                                 YES; YES; NO;  NO;       DT_DF; YES;     NO;   NO;           0;
aten::_ctc_loss.Tensor;                                          YES; YES; NO;  NO;       DT_DF; YES;     NO;   NO;           0;
aten::_ctc_loss_backward;                                        YES; YES; NO;  NO;       DT_DF; YES;     NO;   NO;           0;
aten::_ctc_loss_backward.Tensor;                                 YES; YES; NO;  NO;       DT_DF; YES;     NO;   NO;           0;
aten::_cudnn_ctc_loss;                                           NO;  YES; NO;  NO;       DT_DF; YES;     NO;   NO;           0;
aten::_cudnn_ctc_loss.Tensor;                                    NO;  YES; NO;  NO;       DT_DF; YES;     NO;   NO;           0;
aten::_cudnn_init_dropout_state;                                 NO;  YES; NO;  NO;       DT_DF; YES;     NO;   NO;           0;
aten::_cudnn_rnn;                                                NO;  YES; NO;  NO;       DT_DF; YES;     NO;   NO;           0;
aten::_cudnn_rnn_backward;                                       NO;  YES; NO;  NO;       DT_DF; YES;     NO;   NO;           0;
aten::_cudnn_rnn_flatten_weight;                                 NO;  YES; NO;  NO;       DT_DF; YES;     NO;   NO;           0;
aten::_cummax_helper;                                            YES; YES; NO;  NO;       DT_DF; YES;     NO;   NO;           0;
aten::_cummin_helper;                                            YES; YES; NO;  NO;       DT_DF; YES;     NO;   NO;           0;
aten::_dirichlet_grad;                                           YES; YES; NO;  NO;       DT_DF; YES;     NO;   NO;           0;
aten::_efficient_attention_backward;                             NO;  YES; NO;  NO;       DT_DF; YES;     NO;   NO;           0;
aten::_efficient_attention_forward;                              NO;  YES; NO;  NO;       DT_DF; YES;     NO;   NO;           0;
aten::_efficientzerotensor;                                      YES; YES; YES; NO;       DT_DF; NO;      NO;   NO;           0;
aten::_embedding_bag;                                            YES; YES; NO;  NO;       DT_DF; YES;     NO;   NO;           0;
aten::_embedding_bag_dense_backward;                             YES; YES; NO;  NO;       DT_DF; YES;     NO;   NO;           0;
aten::_embedding_bag_forward_only;                               YES; YES; NO;  NO;       DT_DF; YES;     NO;   NO;           0;
aten::_embedding_bag_per_sample_weights_backward;                YES; YES; NO;  NO;       DT_DF; YES;     NO;   NO;           0;
aten::_empty_affine_quantized;                                   YES; NO;  NO;  NO;       DT_DF; NO;      NO;   NO;           0;
aten::_empty_per_channel_affine_quantized;                       YES; NO;  NO;  NO;       DT_DF; NO;      NO;   NO;           0;
aten::_fake_quantize_learnable_per_channel_affine;               YES; YES; NO;  NO;       DT_DF; YES;     NO;   NO;           0;
aten::_fake_quantize_learnable_per_channel_affine_backward;      YES; YES; NO;  NO;       DT_DF; YES;     NO;   NO;           0;
aten::_fake_quantize_learnable_per_tensor_affine;                YES; YES; NO;  NO;       DT_DF; YES;     NO;   NO;           0;
aten::_fake_quantize_learnable_per_tensor_affine_backward;       YES; YES; NO;  NO;       DT_DF; YES;     NO;   NO;           0;
aten::_fake_quantize_per_tensor_affine_cachemask_tensor_qparams; YES; YES; NO;  NO;       DT_DF; YES;     NO;   NO;           0;
aten::_fft_c2c;                                                  YES; YES; NO;  NO;       DT_DF; YES;     NO;   NO;           0;
aten::_fft_c2c.out;                                              YES; YES; NO;  NO;       DT_DF; YES;     NO;   NO;           0;
aten::_fft_c2r;                                                  YES; YES; NO;  NO;       DT_DF; YES;     NO;   NO;           0;
aten::_fft_c2r.out;                                              YES; YES; NO;  NO;       DT_DF; YES;     NO;   NO;           0;
aten::_fft_r2c;                                                  YES; YES; NO;  NO;       DT_DF; YES;     NO;   NO;           0;
aten::_fft_r2c.out;                                              YES; YES; NO;  NO;       DT_DF; YES;     NO;   NO;           0;
aten::_fill_mem_eff_dropout_mask_;                               NO;  YES; NO;  NO;       DT_DF; YES;     NO;   NO;           0;
aten::_flash_attention_backward;                                 NO;  YES; NO;  NO;       DT_DF; YES;     NO;   NO;           0;
aten::_flash_attention_forward;                                  NO;  YES; NO;  NO;       DT_DF; YES;     NO;   NO;           0;
aten::_foobar;                                                   YES; NO;  NO;  NO;       DT_DF; NO;      NO;   NO;           0;
aten::_foreach_abs;                                              YES; YES; YES; NO;       DT_DF; NO;      NO;   NO;           0;
aten::_foreach_abs_;                                             YES; YES; YES; NO;       DT_DF; NO;      NO;   NO;           0;
aten::_foreach_acos;                                             YES; YES; YES; NO;       DT_DF; NO;      NO;   NO;           0;
aten::_foreach_acos_;                                            YES; YES; YES; NO;       DT_DF; NO;      NO;   NO;           0;
aten::_foreach_add.List;                                         YES; YES; YES; NO;       DT_DF; NO;      NO;   NO;           0;
aten::_foreach_add.Scalar;                                       YES; YES; YES; NO;       DT_DF; NO;      NO;   NO;           0;
aten::_foreach_add.ScalarList;                                   YES; YES; YES; NO;       DT_DF; NO;      NO;   NO;           0;
aten::_foreach_add_.List;                                        YES; YES; NO;  NO;       DT_DF; YES;     NO;   NO;           0;
aten::_foreach_add_.Scalar;                                      YES; YES; NO;  NO;       DT_DF; YES;     NO;   NO;           0;
aten::_foreach_add_.ScalarList;                                  YES; YES; NO;  NO;       DT_DF; YES;     NO;   NO;           0;
aten::_foreach_addcdiv.Scalar;                                   YES; YES; NO;  NO;       DT_DF; YES;     NO;   NO;           0;
aten::_foreach_addcdiv.ScalarList;                               YES; YES; NO;  NO;       DT_DF; YES;     NO;   NO;           0;
aten::_foreach_addcdiv.Tensor;                                   YES; YES; NO;  NO;       DT_DF; YES;     NO;   NO;           0;
aten::_foreach_addcdiv_.Scalar;                                  YES; YES; NO;  NO;       DT_DF; YES;     NO;   NO;           0;
aten::_foreach_addcdiv_.ScalarList;                              YES; YES; NO;  NO;       DT_DF; YES;     NO;   NO;           0;
aten::_foreach_addcdiv_.Tensor;                                  YES; YES; NO;  NO;       DT_DF; YES;     NO;   NO;           0;
aten::_foreach_addcmul.Scalar;                                   YES; YES; NO;  NO;       DT_DF; YES;     NO;   NO;           0;
aten::_foreach_addcmul.ScalarList;                               YES; YES; NO;  NO;       DT_DF; YES;     NO;   NO;           0;
aten::_foreach_addcmul.Tensor;                                   YES; YES; NO;  NO;       DT_DF; YES;     NO;   NO;           0;
aten::_foreach_addcmul_.Scalar;                                  YES; YES; NO;  NO;       DT_DF; YES;     NO;   NO;           0;
aten::_foreach_addcmul_.ScalarList;                              YES; YES; NO;  NO;       DT_DF; YES;     NO;   NO;           0;
aten::_foreach_addcmul_.Tensor;                                  YES; YES; NO;  NO;       DT_DF; YES;     NO;   NO;           0;
aten::_foreach_asin;                                             YES; YES; YES; NO;       DT_DF; NO;      NO;   NO;           0;
aten::_foreach_asin_;                                            YES; YES; YES; NO;       DT_DF; NO;      NO;   NO;           0;
aten::_foreach_atan;                                             YES; YES; YES; NO;       DT_DF; NO;      NO;   NO;           0;
aten::_foreach_atan_;                                            YES; YES; YES; NO;       DT_DF; NO;      NO;   NO;           0;
aten::_foreach_ceil;                                             YES; YES; YES; NO;       DT_DF; NO;      NO;   NO;           0;
aten::_foreach_ceil_;                                            YES; YES; YES; NO;       DT_DF; NO;      NO;   NO;           0;
aten::_foreach_clamp_max.List;                                   YES; YES; NO;  NO;       DT_DF; YES;     NO;   NO;           0;
aten::_foreach_clamp_max.Scalar;                                 YES; YES; NO;  NO;       DT_DF; YES;     NO;   NO;           0;
aten::_foreach_clamp_max.ScalarList;                             YES; YES; NO;  NO;       DT_DF; YES;     NO;   NO;           0;
aten::_foreach_clamp_max_.List;                                  YES; YES; NO;  NO;       DT_DF; YES;     NO;   NO;           0;
aten::_foreach_clamp_max_.Scalar;                                YES; YES; NO;  NO;       DT_DF; YES;     NO;   NO;           0;
aten::_foreach_clamp_max_.ScalarList;                            YES; YES; NO;  NO;       DT_DF; YES;     NO;   NO;           0;
aten::_foreach_clamp_min.List;                                   YES; YES; NO;  NO;       DT_DF; YES;     NO;   NO;           0;
aten::_foreach_clamp_min.Scalar;                                 YES; YES; NO;  NO;       DT_DF; YES;     NO;   NO;           0;
aten::_foreach_clamp_min.ScalarList;                             YES; YES; NO;  NO;       DT_DF; YES;     NO;   NO;           0;
aten::_foreach_clamp_min_.List;                                  YES; YES; NO;  NO;       DT_DF; YES;     NO;   NO;           0;
aten::_foreach_clamp_min_.Scalar;                                YES; YES; NO;  NO;       DT_DF; YES;     NO;   NO;           0;
aten::_foreach_clamp_min_.ScalarList;                            YES; YES; NO;  NO;       DT_DF; YES;     NO;   NO;           0;
aten::_foreach_copy_;                                            YES; YES; NO;  NO;       DT_DF; YES;     NO;   NO;           0;
aten::_foreach_cos;                                              YES; YES; YES; NO;       DT_DF; NO;      NO;   NO;           0;
aten::_foreach_cos_;                                             YES; YES; YES; NO;       DT_DF; NO;      NO;   NO;           0;
aten::_foreach_cosh;                                             YES; YES; YES; NO;       DT_DF; NO;      NO;   NO;           0;
aten::_foreach_cosh_;                                            YES; YES; YES; NO;       DT_DF; NO;      NO;   NO;           0;
aten::_foreach_div.List;                                         YES; YES; NO;  NO;       DT_DF; YES;     NO;   NO;           0;
aten::_foreach_div.Scalar;                                       YES; YES; NO;  NO;       DT_DF; YES;     NO;   NO;           0;
aten::_foreach_div.ScalarList;                                   YES; YES; NO;  NO;       DT_DF; YES;     NO;   NO;           0;
aten::_foreach_div_.List;                                        YES; YES; NO;  NO;       DT_DF; YES;     NO;   NO;           0;
aten::_foreach_div_.Scalar;                                      YES; YES; NO;  NO;       DT_DF; YES;     NO;   NO;           0;
aten::_foreach_div_.ScalarList;                                  YES; YES; NO;  NO;       DT_DF; YES;     NO;   NO;           0;
aten::_foreach_erf;                                              YES; YES; YES; NO;       DT_DF; NO;      NO;   NO;           0;
aten::_foreach_erf_;                                             YES; YES; YES; NO;       DT_DF; NO;      NO;   NO;           0;
aten::_foreach_erfc;                                             YES; YES; YES; NO;       DT_DF; NO;      NO;   NO;           0;
aten::_foreach_erfc_;                                            YES; YES; YES; NO;       DT_DF; NO;      NO;   NO;           0;
aten::_foreach_exp;                                              YES; YES; YES; NO;       DT_DF; NO;      NO;   NO;           0;
aten::_foreach_exp_;                                             YES; YES; YES; NO;       DT_DF; NO;      NO;   NO;           0;
aten::_foreach_expm1;                                            YES; YES; YES; NO;       DT_DF; NO;      NO;   NO;           0;
aten::_foreach_expm1_;                                           YES; YES; YES; NO;       DT_DF; NO;      NO;   NO;           0;
aten::_foreach_floor;                                            YES; YES; YES; NO;       DT_DF; NO;      NO;   NO;           0;
aten::_foreach_floor_;                                           YES; YES; YES; NO;       DT_DF; NO;      NO;   NO;           0;
aten::_foreach_frac;                                             YES; YES; YES; NO;       DT_DF; NO;      NO;   NO;           0;
aten::_foreach_frac_;                                            YES; YES; YES; NO;       DT_DF; NO;      NO;   NO;           0;
aten::_foreach_lerp.List;                                        YES; YES; NO;  NO;       DT_DF; YES;     NO;   NO;           0;
aten::_foreach_lerp.Scalar;                                      YES; YES; NO;  NO;       DT_DF; YES;     NO;   NO;           0;
aten::_foreach_lerp_.List;                                       YES; YES; NO;  NO;       DT_DF; YES;     NO;   NO;           0;
aten::_foreach_lerp_.Scalar;                                     YES; YES; NO;  NO;       DT_DF; YES;     NO;   NO;           0;
aten::_foreach_lgamma;                                           YES; YES; NO;  NO;       DT_DF; YES;     NO;   NO;           0;
aten::_foreach_lgamma_;                                          YES; YES; NO;  NO;       DT_DF; YES;     NO;   NO;           0;
aten::_foreach_log;                                              YES; YES; YES; NO;       DT_DF; NO;      NO;   NO;           0;
aten::_foreach_log10;                                            YES; YES; YES; NO;       DT_DF; NO;      NO;   NO;           0;
aten::_foreach_log10_;                                           YES; YES; YES; NO;       DT_DF; NO;      NO;   NO;           0;
aten::_foreach_log1p;                                            YES; YES; YES; NO;       DT_DF; NO;      NO;   NO;           0;
aten::_foreach_log1p_;                                           YES; YES; YES; NO;       DT_DF; NO;      NO;   NO;           0;
aten::_foreach_log2;                                             YES; YES; YES; NO;       DT_DF; NO;      NO;   NO;           0;
aten::_foreach_log2_;                                            YES; YES; YES; NO;       DT_DF; NO;      NO;   NO;           0;
aten::_foreach_log_;                                             YES; YES; YES; NO;       DT_DF; NO;      NO;   NO;           0;
aten::_foreach_maximum.List;                                     YES; YES; NO;  NO;       DT_DF; YES;     NO;   NO;           0;
aten::_foreach_maximum.Scalar;                                   YES; YES; NO;  NO;       DT_DF; YES;     NO;   NO;           0;
aten::_foreach_maximum.ScalarList;                               YES; YES; NO;  NO;       DT_DF; YES;     NO;   NO;           0;
aten::_foreach_maximum_.List;                                    YES; YES; NO;  NO;       DT_DF; YES;     NO;   NO;           0;
aten::_foreach_maximum_.Scalar;                                  YES; YES; NO;  NO;       DT_DF; YES;     NO;   NO;           0;
aten::_foreach_maximum_.ScalarList;                              YES; YES; NO;  NO;       DT_DF; YES;     NO;   NO;           0;
aten::_foreach_minimum.List;                                     YES; YES; NO;  NO;       DT_DF; YES;     NO;   NO;           0;
aten::_foreach_minimum.Scalar;                                   YES; YES; NO;  NO;       DT_DF; YES;     NO;   NO;           0;
aten::_foreach_minimum.ScalarList;                               YES; YES; NO;  NO;       DT_DF; YES;     NO;   NO;           0;
aten::_foreach_minimum_.List;                                    YES; YES; NO;  NO;       DT_DF; YES;     NO;   NO;           0;
aten::_foreach_minimum_.Scalar;                                  YES; YES; NO;  NO;       DT_DF; YES;     NO;   NO;           0;
aten::_foreach_minimum_.ScalarList;                              YES; YES; NO;  NO;       DT_DF; YES;     NO;   NO;           0;
aten::_foreach_mul.List;                                         YES; YES; YES; NO;       DT_DF; NO;      NO;   NO;           0;
aten::_foreach_mul.Scalar;                                       YES; YES; YES; NO;       DT_DF; NO;      NO;   NO;           0;
aten::_foreach_mul.ScalarList;                                   YES; YES; YES; NO;       DT_DF; NO;      NO;   NO;           0;
aten::_foreach_mul.Tensor;                                       YES; YES; NO;  NO;       DT_DF; YES;     NO;   NO;           0;
aten::_foreach_mul_.List;                                        YES; YES; YES; NO;       DT_DF; NO;      NO;   NO;           0;
aten::_foreach_mul_.Scalar;                                      YES; YES; YES; NO;       DT_DF; NO;      NO;   NO;           0;
aten::_foreach_mul_.ScalarList;                                  YES; YES; YES; NO;       DT_DF; NO;      NO;   NO;           0;
aten::_foreach_mul_.Tensor;                                      YES; YES; NO;  NO;       DT_DF; YES;     NO;   NO;           0;
aten::_foreach_neg;                                              YES; YES; YES; NO;       DT_DF; NO;      NO;   NO;           0;
aten::_foreach_neg_;                                             YES; YES; YES; NO;       DT_DF; NO;      NO;   NO;           0;
aten::_foreach_norm.Scalar;                                      YES; YES; NO;  NO;       DT_DF; YES;     NO;   NO;           0;
aten::_foreach_pow.List;                                         YES; YES; NO;  NO;       DT_DF; YES;     NO;   NO;           0;
aten::_foreach_pow.Scalar;                                       YES; YES; NO;  NO;       DT_DF; YES;     NO;   NO;           0;
aten::_foreach_pow.ScalarAndTensor;                              YES; YES; NO;  NO;       DT_DF; YES;     NO;   NO;           0;
aten::_foreach_pow.ScalarList;                                   YES; YES; NO;  NO;       DT_DF; YES;     NO;   NO;           0;
aten::_foreach_pow_.List;                                        YES; YES; NO;  NO;       DT_DF; YES;     NO;   NO;           0;
aten::_foreach_pow_.Scalar;                                      YES; YES; NO;  NO;       DT_DF; YES;     NO;   NO;           0;
aten::_foreach_pow_.ScalarList;                                  YES; YES; NO;  NO;       DT_DF; YES;     NO;   NO;           0;
aten::_foreach_reciprocal;                                       YES; YES; YES; NO;       DT_DF; NO;      NO;   NO;           0;
aten::_foreach_reciprocal_;                                      YES; YES; YES; NO;       DT_DF; NO;      NO;   NO;           0;
aten::_foreach_round;                                            YES; YES; YES; NO;       DT_DF; NO;      NO;   NO;           0;
aten::_foreach_round_;                                           YES; YES; YES; NO;       DT_DF; NO;      NO;   NO;           0;
aten::_foreach_sigmoid;                                          YES; YES; YES; NO;       DT_DF; NO;      NO;   NO;           0;
aten::_foreach_sigmoid_;                                         YES; YES; YES; NO;       DT_DF; NO;      NO;   NO;           0;
aten::_foreach_sign;                                             YES; YES; NO;  NO;       DT_DF; YES;     NO;   NO;           0;
aten::_foreach_sign_;                                            YES; YES; NO;  NO;       DT_DF; YES;     NO;   NO;           0;
aten::_foreach_sin;                                              YES; YES; YES; NO;       DT_DF; NO;      NO;   NO;           0;
aten::_foreach_sin_;                                             YES; YES; YES; NO;       DT_DF; NO;      NO;   NO;           0;
aten::_foreach_sinh;                                             YES; YES; YES; NO;       DT_DF; NO;      NO;   NO;           0;
aten::_foreach_sinh_;                                            YES; YES; YES; NO;       DT_DF; NO;      NO;   NO;           0;
aten::_foreach_sqrt;                                             YES; YES; YES; NO;       DT_DF; NO;      NO;   NO;           0;
aten::_foreach_sqrt_;                                            YES; YES; YES; NO;       DT_DF; NO;      NO;   NO;           0;
aten::_foreach_sub.List;                                         YES; YES; NO;  NO;       DT_DF; YES;     NO;   NO;           0;
aten::_foreach_sub.Scalar;                                       YES; YES; NO;  NO;       DT_DF; YES;     NO;   NO;           0;
aten::_foreach_sub.ScalarList;                                   YES; YES; NO;  NO;       DT_DF; YES;     NO;   NO;           0;
aten::_foreach_sub_.List;                                        YES; YES; NO;  NO;       DT_DF; YES;     NO;   NO;           0;
aten::_foreach_sub_.Scalar;                                      YES; YES; NO;  NO;       DT_DF; YES;     NO;   NO;           0;
aten::_foreach_sub_.ScalarList;                                  YES; YES; NO;  NO;       DT_DF; YES;     NO;   NO;           0;
aten::_foreach_tan;                                              YES; YES; YES; NO;       DT_DF; NO;      NO;   NO;           0;
aten::_foreach_tan_;                                             YES; YES; YES; NO;       DT_DF; NO;      NO;   NO;           0;
aten::_foreach_tanh;                                             YES; YES; YES; NO;       DT_DF; NO;      NO;   NO;           0;
aten::_foreach_tanh_;                                            YES; YES; YES; NO;       DT_DF; NO;      NO;   NO;           0;
aten::_foreach_trunc;                                            YES; YES; YES; NO;       DT_DF; NO;      NO;   NO;           0;
aten::_foreach_trunc_;                                           YES; YES; YES; NO;       DT_DF; NO;      NO;   NO;           0;
aten::_foreach_zero_;                                            YES; YES; YES; NO;       DT_DF; NO;      NO;   NO;           0;
aten::_functional_assert_async.msg;                              YES; NO;  NO;  NO;       DT_DF; NO;      NO;   NO;           0;
aten::_fused_adam_;                                              NO;  YES; NO;  NO;       DT_DF; YES;     NO;   NO;           0;
aten::_fused_adam_.tensor_lr;                                    NO;  YES; NO;  NO;       DT_DF; YES;     NO;   NO;           0;
aten::_fused_adamw_;                                             NO;  YES; NO;  NO;       DT_DF; YES;     NO;   NO;           0;
aten::_fused_adamw_.tensor_lr;                                   NO;  YES; NO;  NO;       DT_DF; YES;     NO;   NO;           0;
aten::_fused_dropout;                                            NO;  YES; YES; NO;       DT_DF; NO;      NO;   NO;           0;
aten::_fused_moving_avg_obs_fq_helper;                           YES; YES; NO;  NO;       DT_DF; YES;     NO;   NO;           0;
aten::_fused_sdp_choice;                                         YES; YES; NO;  NO;       DT_DF; YES;     NO;   NO;           0;
aten::_histogramdd_bin_edges;                                    YES; NO;  NO;  NO;       DT_DF; NO;      NO;   NO;           0;
aten::_histogramdd_from_bin_cts;                                 YES; NO;  NO;  NO;       DT_DF; NO;      NO;   NO;           0;
aten::_histogramdd_from_bin_tensors;                             YES; NO;  NO;  NO;       DT_DF; NO;      NO;   NO;           0;
aten::_index_put_impl_;                                          YES; YES; YES; NO;       DT_DF; NO;      NO;   NO;           0;
aten::_int_mm;                                                   NO;  YES; NO;  NO;       DT_DF; YES;     NO;   NO;           0;
aten::_int_mm.out;                                               NO;  YES; NO;  NO;       DT_DF; YES;     NO;   NO;           0;
aten::_linalg_det;                                               YES; YES; NO;  NO;       DT_DT; YES;     NO;   NO;           0;
aten::_linalg_det.result;                                        YES; YES; NO;  NO;       DT_DF; YES;     NO;   NO;           0;
aten::_linalg_eigh;                                              YES; YES; NO;  NO;       DT_DT; YES;     NO;   NO;           0;
aten::_linalg_eigh.eigenvalues;                                  YES; YES; NO;  NO;       DT_DF; YES;     NO;   NO;           0;
aten::_linalg_slogdet;                                           YES; YES; NO;  NO;       DT_DT; YES;     NO;   NO;           0;
aten::_linalg_slogdet.sign;                                      YES; YES; NO;  NO;       DT_DF; YES;     NO;   NO;           0;
aten::_linalg_solve_ex;                                          YES; YES; NO;  NO;       DT_DT; YES;     NO;   NO;           0;
aten::_linalg_solve_ex.result;                                   YES; YES; NO;  NO;       DT_DF; YES;     NO;   NO;           0;
aten::_linalg_svd;                                               YES; YES; NO;  NO;       DT_DT; YES;     NO;   NO;           0;
aten::_linalg_svd.U;                                             YES; YES; NO;  NO;       DT_DF; YES;     NO;   NO;           0;
aten::_local_scalar_dense;                                       YES; YES; YES; NO;       DT_DF; NO;      NO;   NO;           0;
aten::_log_softmax;                                              YES; YES; YES; NO;       DT_DT; NO;      NO;   NO;           0;
aten::_log_softmax.out;                                          YES; YES; YES; NO;       DT_DF; NO;      NO;   NO;           0;
aten::_log_softmax_backward_data;                                YES; YES; YES; NO;       DT_DT; NO;      NO;   NO;           0;
aten::_log_softmax_backward_data.out;                            YES; YES; YES; NO;       DT_DF; NO;      NO;   NO;           0;
aten::_logcumsumexp;                                             YES; YES; YES; NO;       DT_DF; NO;      NO;   NO;           0;
aten::_logcumsumexp.out;                                         YES; YES; YES; NO;       DT_DF; NO;      NO;   NO;           0;
aten::_make_dep_token;                                           YES; NO;  NO;  NO;       DT_DF; NO;      NO;   NO;           0;
aten::_make_per_channel_quantized_tensor;                        YES; YES; NO;  NO;       DT_DF; YES;     NO;   NO;           0;
aten::_make_per_tensor_quantized_tensor;                         YES; YES; NO;  NO;       DT_DF; YES;     NO;   NO;           0;
aten::_masked_scale;                                             NO;  YES; YES; NO;       DT_DF; NO;      NO;   NO;           0;
aten::_masked_softmax;                                           YES; YES; NO;  NO;       DT_DF; YES;     NO;   NO;           0;
aten::_masked_softmax_backward;                                  YES; YES; NO;  NO;       DT_DF; YES;     NO;   NO;           0;
aten::_native_batch_norm_legit;                                  YES; YES; YES; NO;       DT_DF; NO;      NO;   NO;           0;
aten::_native_batch_norm_legit.no_stats;                         YES; YES; YES; NO;       DT_DF; NO;      NO;   NO;           0;
aten::_native_batch_norm_legit.no_stats_out;                     YES; YES; NO;  NO;       DT_DF; YES;     NO;   NO;           0;
aten::_native_batch_norm_legit.out;                              YES; YES; NO;  NO;       DT_DF; YES;     NO;   NO;           0;
aten::_native_batch_norm_legit_functional;                       NO;  NO;  YES; NO;       DT_DT; NO;      NO;   NO;           0;
aten::_native_multi_head_attention;                              YES; YES; NO;  NO;       DT_DF; YES;     NO;   NO;           0;
aten::_nested_from_padded;                                       YES; YES; NO;  NO;       DT_DF; YES;     NO;   NO;           0;
aten::_nested_tensor_from_mask;                                  YES; YES; NO;  NO;       DT_DF; YES;     NO;   NO;           0;
aten::_nested_tensor_from_mask_left_aligned;                     YES; YES; NO;  NO;       DT_DF; YES;     NO;   NO;           0;
aten::_nested_view_from_buffer;                                  YES; YES; NO;  NO;       DT_DF; YES;     NO;   NO;           0;
aten::_pdist_backward;                                           YES; YES; NO;  NO;       DT_DF; YES;     NO;   NO;           0;
aten::_pdist_forward;                                            YES; YES; NO;  NO;       DT_DF; YES;     NO;   NO;           0;
aten::_pin_memory;                                               NO;  YES; YES; NO;       DT_DF; NO;      NO;   NO;           0;
aten::_prelu_kernel;                                             YES; YES; YES; NO;       DT_DF; NO;      NO;   NO;           0;
aten::_prelu_kernel_backward;                                    YES; YES; NO;  NO;       DT_DF; YES;     NO;   NO;           0;
aten::_reshape_alias;                                            YES; YES; YES; NO;       DT_DF; NO;      NO;   NO;           0;
aten::_sample_dirichlet;                                         YES; YES; NO;  NO;       DT_DF; YES;     NO;   NO;           0;
aten::_scaled_dot_product_efficient_attention;                   NO;  YES; NO;  NO;       DT_DF; YES;     NO;   NO;           0;
aten::_scaled_dot_product_efficient_attention_backward;          NO;  YES; NO;  NO;       DT_DF; YES;     NO;   NO;           0;
aten::_scaled_dot_product_flash_attention;                       YES; YES; NO;  NO;       DT_DF; YES;     NO;   NO;           0;
aten::_scaled_dot_product_flash_attention_backward;              YES; YES; NO;  NO;       DT_DF; YES;     NO;   NO;           0;
aten::_scaled_mm;                                                NO;  YES; NO;  NO;       DT_DF; YES;     NO;   NO;           0;
aten::_scaled_mm.out;                                            NO;  YES; NO;  NO;       DT_DF; YES;     NO;   NO;           0;
aten::_segment_reduce_backward;                                  YES; YES; NO;  NO;       DT_DF; YES;     NO;   NO;           0;
aten::_slow_conv2d_backward.grad_input;                          YES; YES; NO;  NO;       DT_DF; YES;     NO;   NO;           0;
aten::_slow_conv2d_backward.output_mask;                         YES; YES; NO;  NO;       DT_DF; YES;     NO;   NO;           0;
aten::_slow_conv2d_forward;                                      YES; YES; NO;  NO;       DT_DF; YES;     NO;   NO;           0;
aten::_slow_conv2d_forward.output;                               YES; YES; NO;  NO;       DT_DF; YES;     NO;   NO;           0;
aten::_softmax;                                                  YES; YES; YES; NO;       DT_DT; NO;      NO;   NO;           0;
aten::_softmax.out;                                              YES; YES; YES; NO;       DT_DF; NO;      NO;   NO;           0;
aten::_softmax_backward_data;                                    YES; YES; YES; NO;       DT_DT; NO;      NO;   NO;           0;
aten::_softmax_backward_data.out;                                YES; YES; YES; NO;       DT_DF; NO;      NO;   NO;           0;
aten::_sparse_semi_structured_linear;                            NO;  YES; NO;  NO;       DT_DF; YES;     NO;   NO;           0;
aten::_spdiags;                                                  YES; NO;  NO;  NO;       DT_DF; NO;      NO;   NO;           0;
aten::_stack;                                                    YES; NO;  NO;  NO;       DT_DT; NO;      NO;   NO;           0;
aten::_stack.out;                                                YES; NO;  NO;  NO;       DT_DT; NO;      NO;   NO;           0;
aten::_standard_gamma;                                           YES; YES; NO;  NO;       DT_DF; YES;     NO;   NO;           0;
aten::_standard_gamma_grad;                                      YES; YES; NO;  NO;       DT_DF; YES;     NO;   NO;           0;
aten::_test_autograd_multiple_dispatch.fullcoverage;             NO;  YES; NO;  NO;       DT_DT; YES;     NO;   NO;           0;
aten::_test_autograd_multiple_dispatch_view;                     NO;  YES; NO;  NO;       DT_DT; YES;     NO;   NO;           0;
aten::_test_autograd_multiple_dispatch_view_copy;                NO;  YES; NO;  NO;       DT_DT; YES;     NO;   NO;           0;
aten::_test_functorch_fallback;                                  YES; NO;  NO;  NO;       DT_DF; NO;      NO;   NO;           0;
aten::_test_optional_filled_intlist;                             YES; NO;  NO;  NO;       DT_DF; NO;      NO;   NO;           0;
aten::_test_optional_floatlist;                                  YES; NO;  NO;  NO;       DT_DF; NO;      NO;   NO;           0;
aten::_test_optional_intlist;                                    YES; NO;  NO;  NO;       DT_DF; NO;      NO;   NO;           0;
aten::_thnn_fused_gru_cell;                                      NO;  YES; NO;  NO;       DT_DF; YES;     NO;   NO;           0;
aten::_thnn_fused_gru_cell_backward;                             NO;  YES; NO;  NO;       DT_DF; YES;     NO;   NO;           0;
aten::_thnn_fused_lstm_cell;                                     NO;  YES; NO;  NO;       DT_DF; YES;     NO;   NO;           0;
aten::_thnn_fused_lstm_cell_backward_impl;                       NO;  YES; NO;  NO;       DT_DF; YES;     NO;   NO;           0;
aten::_to_sparse;                                                YES; YES; NO;  NO;       DT_DF; YES;     NO;   NO;           0;
aten::_to_sparse.sparse_dim;                                     YES; YES; NO;  NO;       DT_DF; YES;     NO;   NO;           0;
aten::_to_sparse_bsc;                                            YES; YES; NO;  NO;       DT_DF; YES;     NO;   NO;           0;
aten::_to_sparse_bsr;                                            YES; YES; NO;  NO;       DT_DF; YES;     NO;   NO;           0;
aten::_to_sparse_csc;                                            YES; YES; NO;  NO;       DT_DF; YES;     NO;   NO;           0;
aten::_to_sparse_csr;                                            YES; YES; NO;  NO;       DT_DF; YES;     NO;   NO;           0;
aten::_to_sparse_semi_structured;                                NO;  YES; NO;  NO;       DT_DF; YES;     NO;   NO;           0;
aten::_transform_bias_rescale_qkv;                               YES; YES; NO;  NO;       DT_DF; YES;     NO;   NO;           0;
aten::_transformer_encoder_layer_fwd;                            YES; YES; NO;  NO;       DT_DF; YES;     NO;   NO;           0;
aten::_triton_multi_head_attention;                              NO;  YES; NO;  NO;       DT_DF; YES;     NO;   NO;           0;
aten::_triton_scaled_dot_attention;                              NO;  YES; NO;  NO;       DT_DF; YES;     NO;   NO;           0;
aten::_unique;                                                   YES; YES; YES; NO;       DT_DF; NO;      NO;   NO;           0;
aten::_unique2;                                                  YES; YES; YES; NO;       DT_DF; NO;      NO;   NO;           0;
aten::_unsafe_index.Tensor;                                      YES; YES; NO;  NO;       DT_DF; YES;     NO;   NO;           0;
aten::_unsafe_view;                                              NO;  NO;  YES; NO;       DT_DT; NO;      NO;   NO;           0;
aten::_upsample_bicubic2d_aa;                                    YES; YES; NO;  NO;       DT_DT; YES;     NO;   NO;           0;
aten::_upsample_bicubic2d_aa.out;                                YES; YES; NO;  NO;       DT_DF; YES;     NO;   NO;           0;
aten::_upsample_bicubic2d_aa_backward;                           YES; YES; NO;  NO;       DT_DT; YES;     NO;   NO;           0;
aten::_upsample_bicubic2d_aa_backward.grad_input;                YES; YES; NO;  NO;       DT_DF; YES;     NO;   NO;           0;
aten::_upsample_bilinear2d_aa;                                   YES; YES; NO;  NO;       DT_DT; YES;     NO;   NO;           0;
aten::_upsample_bilinear2d_aa.out;                               YES; YES; NO;  NO;       DT_DF; YES;     NO;   NO;           0;
aten::_upsample_bilinear2d_aa_backward;                          YES; YES; NO;  NO;       DT_DT; YES;     NO;   NO;           0;
aten::_upsample_bilinear2d_aa_backward.grad_input;               YES; YES; NO;  NO;       DT_DF; YES;     NO;   NO;           0;
aten::_upsample_nearest_exact1d;                                 YES; YES; NO;  NO;       DT_DT; YES;     NO;   NO;           0;
aten::_upsample_nearest_exact1d.out;                             YES; YES; NO;  NO;       DT_DF; YES;     NO;   NO;           0;
aten::_upsample_nearest_exact1d_backward;                        YES; YES; NO;  NO;       DT_DT; YES;     NO;   NO;           0;
aten::_upsample_nearest_exact1d_backward.grad_input;             YES; YES; NO;  NO;       DT_DF; YES;     NO;   NO;           0;
aten::_upsample_nearest_exact2d;                                 YES; YES; NO;  NO;       DT_DT; YES;     NO;   NO;           0;
aten::_upsample_nearest_exact2d.out;                             YES; YES; NO;  NO;       DT_DF; YES;     NO;   NO;           0;
aten::_upsample_nearest_exact2d_backward;                        YES; YES; NO;  NO;       DT_DT; YES;     NO;   NO;           0;
aten::_upsample_nearest_exact2d_backward.grad_input;             YES; YES; NO;  NO;       DT_DF; YES;     NO;   NO;           0;
aten::_upsample_nearest_exact3d;                                 YES; YES; NO;  NO;       DT_DT; YES;     NO;   NO;           0;
aten::_upsample_nearest_exact3d.out;                             YES; YES; NO;  NO;       DT_DF; YES;     NO;   NO;           0;
aten::_upsample_nearest_exact3d_backward;                        YES; YES; NO;  NO;       DT_DT; YES;     NO;   NO;           0;
aten::_upsample_nearest_exact3d_backward.grad_input;             YES; YES; NO;  NO;       DT_DF; YES;     NO;   NO;           0;
aten::_use_cudnn_ctc_loss;                                       NO;  YES; NO;  NO;       DT_DF; YES;     NO;   NO;           0;
aten::_use_cudnn_ctc_loss.Tensor;                                NO;  YES; NO;  NO;       DT_DF; YES;     NO;   NO;           0;
aten::_validate_compressed_sparse_indices;                       YES; YES; NO;  NO;       DT_DF; YES;     NO;   NO;           0;
aten::_weight_norm_interface;                                    YES; YES; YES; NO;       DT_DF; NO;      NO;   NO;           0;
aten::_weight_norm_interface_backward;                           YES; YES; YES; NO;       DT_DF; NO;      NO;   NO;           0;
aten::abs;                                                       NO;  NO;  YES; NO;       DT_DT; NO;      YES;  NO;           0;
aten::abs.out;                                                   YES; YES; YES; NO;       DT_DF; NO;      NO;   NO;           0;
aten::abs_;                                                      NO;  NO;  YES; NO;       DT_DT; NO;      NO;   NO;           0;
aten::acos;                                                      YES; YES; YES; NO;       DT_DT; NO;      YES;  NO;           0;
aten::acos.out;                                                  YES; YES; YES; NO;       DT_DF; NO;      NO;   NO;           0;
aten::acos_;                                                     YES; YES; YES; NO;       DT_DT; NO;      NO;   NO;           0;
aten::acosh;                                                     YES; YES; YES; NO;       DT_DT; NO;      YES;  NO;           0;
aten::acosh.out;                                                 YES; YES; YES; NO;       DT_DF; NO;      NO;   NO;           0;
aten::acosh_;                                                    YES; YES; YES; NO;       DT_DT; NO;      NO;   NO;           0;
aten::adaptive_avg_pool2d.out;                                   YES; YES; YES; NO;       DT_DF; NO;      NO;   NO;           0;
aten::adaptive_avg_pool3d.out;                                   YES; YES; NO;  NO;       DT_DF; YES;     NO;   NO;           0;
aten::adaptive_avg_pool3d_backward.grad_input;                   YES; YES; NO;  NO;       DT_DF; YES;     NO;   NO;           0;
aten::adaptive_max_pool2d;                                       YES; YES; NO;  NO;       DT_DT; YES;     YES;  NO;           0;
aten::adaptive_max_pool2d.out;                                   YES; YES; NO;  NO;       DT_DF; YES;     NO;   NO;           0;
aten::adaptive_max_pool2d_backward;                              YES; YES; NO;  NO;       DT_DT; YES;     NO;   NO;           0;
aten::adaptive_max_pool2d_backward.grad_input;                   YES; YES; NO;  NO;       DT_DF; YES;     NO;   NO;           0;
aten::adaptive_max_pool3d;                                       YES; YES; NO;  NO;       DT_DT; YES;     YES;  NO;           0;
aten::adaptive_max_pool3d.out;                                   YES; YES; NO;  NO;       DT_DF; YES;     NO;   NO;           0;
aten::adaptive_max_pool3d_backward;                              YES; YES; NO;  NO;       DT_DT; YES;     NO;   NO;           0;
aten::adaptive_max_pool3d_backward.grad_input;                   YES; YES; NO;  NO;       DT_DF; YES;     NO;   NO;           0;
aten::add.Scalar;                                                NO;  NO;  YES; NO;       DT_DT; NO;      YES;  NO;           0;
aten::add.Scalar_out;                                            NO;  NO;  YES; NO;       DT_DT; NO;      NO;   NO;           0;
aten::add.Tensor;                                                YES; YES; YES; NO;       DT_DT; NO;      YES;  YES;          4; googlenet, inception_v3, mnasnet1_0, mobilenet_v2
aten::add.out;                                                   YES; YES; YES; NO;       DT_DF; NO;      NO;   NO;           0;
aten::add_.Scalar;                                               NO;  NO;  YES; NO;       DT_DT; NO;      NO;   NO;           0;
aten::add_.Tensor;                                               YES; YES; YES; NO;       DT_DT; NO;      YES;  YES;          5; r3d_18, resnet18, resnet50, resnext50_32x4d, wide_resnet50_2
aten::addbmm;                                                    YES; YES; YES; NO;       DT_DF; NO;      NO;   NO;           0;
aten::addbmm.out;                                                YES; YES; YES; NO;       DT_DF; NO;      NO;   NO;           0;
aten::addbmm_;                                                   YES; YES; YES; NO;       DT_DF; NO;      NO;   NO;           0;
aten::addcdiv;                                                   YES; YES; YES; NO;       DT_DT; NO;      NO;   NO;           0;
aten::addcdiv.out;                                               YES; YES; YES; NO;       DT_DF; NO;      NO;   NO;           0;
aten::addcdiv_;                                                  YES; YES; YES; NO;       DT_DT; NO;      NO;   NO;           0;
aten::addcmul;                                                   YES; YES; YES; NO;       DT_DT; NO;      NO;   NO;           0;
aten::addcmul.out;                                               YES; YES; YES; NO;       DT_DF; NO;      NO;   NO;           0;
aten::addcmul_;                                                  YES; YES; YES; NO;       DT_DT; NO;      NO;   NO;           0;
aten::addmm;                                                     YES; YES; YES; NO;       DT_DT; NO;      NO;   NO;           0;
aten::addmm.out;                                                 YES; YES; YES; NO;       DT_DF; NO;      NO;   NO;           0;
aten::addmm_;                                                    YES; YES; YES; NO;       DT_DT; NO;      NO;   NO;           0;
aten::addmv;                                                     YES; YES; YES; NO;       DT_DT; NO;      NO;   NO;           0;
aten::addmv.out;                                                 YES; YES; YES; NO;       DT_DF; NO;      NO;   NO;           0;
aten::addmv_;                                                    YES; YES; YES; NO;       DT_DT; NO;      NO;   NO;           0;
aten::addr;                                                      YES; YES; YES; NO;       DT_DT; NO;      NO;   NO;           0;
aten::addr.out;                                                  YES; YES; YES; NO;       DT_DT; NO;      NO;   NO;           0;
aten::addr_;                                                     NO;  NO;  YES; NO;       DT_DT; NO;      NO;   NO;           0;
aten::alias;                                                     NO;  NO;  YES; NO;       DT_DT; NO;      NO;   NO;           0;
aten::all;                                                       YES; YES; YES; NO;       DT_DT; NO;      NO;   NO;           0;
aten::all.all_out;                                               YES; YES; YES; NO;       DT_DF; NO;      NO;   NO;           0;
aten::all.dim;                                                   YES; YES; YES; NO;       DT_DT; NO;      NO;   NO;           0;
aten::all.out;                                                   YES; YES; YES; NO;       DT_DF; NO;      NO;   NO;           0;
aten::amax;                                                      YES; YES; YES; NO;       DT_DT; NO;      NO;   NO;           0;
aten::amax.out;                                                  YES; YES; YES; NO;       DT_DF; NO;      NO;   NO;           0;
aten::amin;                                                      YES; YES; YES; NO;       DT_DT; NO;      NO;   NO;           0;
aten::amin.out;                                                  YES; YES; YES; NO;       DT_DF; NO;      NO;   NO;           0;
aten::aminmax;                                                   YES; YES; YES; NO;       DT_DT; NO;      NO;   NO;           0;
aten::aminmax.out;                                               YES; YES; YES; NO;       DT_DF; NO;      NO;   NO;           0;
aten::angle;                                                     YES; YES; NO;  NO;       DT_DF; YES;     NO;   NO;           0;
aten::angle.out;                                                 YES; YES; NO;  NO;       DT_DF; YES;     NO;   NO;           0;
aten::any;                                                       YES; YES; YES; NO;       DT_DT; NO;      NO;   NO;           0;
aten::any.all_out;                                               YES; YES; YES; NO;       DT_DF; NO;      NO;   NO;           0;
aten::any.dim;                                                   YES; YES; YES; NO;       DT_DT; NO;      NO;   NO;           0;
aten::any.out;                                                   YES; YES; YES; NO;       DT_DF; NO;      NO;   NO;           0;
aten::arange;                                                    NO;  NO;  YES; NO;       DT_DT; NO;      YES;  NO;           0;
aten::arange.start;                                              NO;  NO;  YES; NO;       DT_DT; NO;      YES;  NO;           0;
aten::arange.start_out;                                          YES; YES; YES; NO;       DT_DF; NO;      NO;   NO;           0;
aten::arange.start_step;                                         NO;  NO;  YES; NO;       DT_DT; NO;      YES;  NO;           0;
aten::argmax;                                                    YES; YES; YES; NO;       DT_DT; NO;      YES;  NO;           0;
aten::argmax.out;                                                YES; YES; YES; NO;       DT_DF; NO;      NO;   NO;           0;
aten::argmin;                                                    YES; YES; YES; NO;       DT_DT; NO;      YES;  NO;           0;
aten::argmin.out;                                                YES; YES; YES; NO;       DT_DF; NO;      NO;   NO;           0;
aten::argsort.stable;                                            YES; YES; NO;  NO;       DT_DF; YES;     NO;   NO;           0;
aten::as_strided;                                                YES; YES; YES; NO;       DT_DF; NO;      NO;   NO;           0;
aten::as_strided_;                                               NO;  NO;  YES; NO;       DT_DT; NO;      NO;   NO;           0;
aten::asin;                                                      YES; YES; YES; NO;       DT_DT; NO;      YES;  NO;           0;
aten::asin.out;                                                  YES; YES; YES; NO;       DT_DF; NO;      NO;   NO;           0;
aten::asin_;                                                     YES; YES; YES; NO;       DT_DT; NO;      NO;   NO;           0;
aten::asinh;                                                     YES; YES; YES; NO;       DT_DT; NO;      YES;  NO;           0;
aten::asinh.out;                                                 YES; YES; YES; NO;       DT_DF; NO;      NO;   NO;           0;
aten::asinh_;                                                    YES; YES; YES; NO;       DT_DT; NO;      NO;   NO;           0;
aten::atan;                                                      YES; YES; YES; NO;       DT_DT; NO;      YES;  NO;           0;
aten::atan.out;                                                  YES; YES; YES; NO;       DT_DF; NO;      NO;   NO;           0;
aten::atan2;                                                     YES; YES; YES; NO;       DT_DT; NO;      NO;   NO;           0;
aten::atan2.out;                                                 YES; YES; YES; NO;       DT_DF; NO;      NO;   NO;           0;
aten::atan2_;                                                    YES; YES; YES; NO;       DT_DT; NO;      NO;   NO;           0;
aten::atan_;                                                     YES; YES; YES; NO;       DT_DT; NO;      NO;   NO;           0;
aten::atanh;                                                     YES; YES; YES; NO;       DT_DT; NO;      YES;  NO;           0;
aten::atanh.out;                                                 YES; YES; YES; NO;       DT_DF; NO;      NO;   NO;           0;
aten::atanh_;                                                    YES; YES; YES; NO;       DT_DT; NO;      NO;   NO;           0;
aten::avg_pool2d;                                                YES; YES; YES; NO;       DT_DT; NO;      YES;  YES;          2; densenet161, inception_v3
aten::avg_pool2d.out;                                            YES; YES; YES; NO;       DT_DF; NO;      NO;   NO;           0;
aten::avg_pool2d_backward;                                       YES; YES; YES; NO;       DT_DT; NO;      NO;   NO;           0;
aten::avg_pool2d_backward.grad_input;                            YES; YES; YES; NO;       DT_DF; NO;      NO;   NO;           0;
aten::avg_pool3d;                                                YES; YES; YES; NO;       DT_DT; NO;      YES;  NO;           0;
aten::avg_pool3d.out;                                            YES; YES; YES; NO;       DT_DF; NO;      NO;   NO;           0;
aten::avg_pool3d_backward;                                       YES; YES; NO;  NO;       DT_DT; YES;     NO;   NO;           0;
aten::avg_pool3d_backward.grad_input;                            YES; YES; NO;  NO;       DT_DF; YES;     NO;   NO;           0;
aten::baddbmm;                                                   YES; YES; YES; NO;       DT_DT; NO;      NO;   NO;           0;
aten::baddbmm.out;                                               YES; YES; YES; NO;       DT_DF; NO;      NO;   NO;           0;
aten::baddbmm_;                                                  YES; YES; YES; NO;       DT_DT; NO;      NO;   NO;           0;
aten::batch_norm_backward_elemt;                                 NO;  YES; YES; NO;       DT_DF; NO;      NO;   NO;           0;
aten::batch_norm_backward_reduce;                                NO;  YES; YES; NO;       DT_DF; NO;      NO;   NO;           0;
aten::batch_norm_elemt;                                          NO;  YES; YES; NO;       DT_DF; NO;      NO;   NO;           0;
aten::batch_norm_elemt.out;                                      NO;  YES; NO;  NO;       DT_DF; YES;     NO;   NO;           0;
aten::batch_norm_gather_stats;                                   NO;  YES; NO;  NO;       DT_DF; YES;     NO;   NO;           0;
aten::batch_norm_gather_stats_with_counts;                       NO;  YES; YES; NO;       DT_DF; NO;      NO;   NO;           0;
aten::batch_norm_stats;                                          NO;  YES; YES; NO;       DT_DF; NO;      NO;   NO;           0;
aten::batch_norm_update_stats;                                   YES; YES; NO;  NO;       DT_DF; YES;     NO;   NO;           0;
aten::bernoulli;                                                 NO;  NO;  YES; NO;       DT_DT; NO;      NO;   NO;           0;
aten::bernoulli.float_out;                                       NO;  NO;  YES; NO;       DT_DT; NO;      NO;   NO;           0;
aten::bernoulli.out;                                             YES; YES; YES; NO;       DT_DF; NO;      NO;   NO;           0;
aten::bernoulli_.Tensor;                                         YES; YES; YES; NO;       DT_DF; NO;      NO;   NO;           0;
aten::bernoulli_.float;                                          YES; YES; YES; NO;       DT_DF; NO;      NO;   NO;           0;
aten::binary_cross_entropy;                                      YES; YES; YES; NO;       DT_DF; NO;      NO;   NO;           0;
aten::binary_cross_entropy.out;                                  YES; YES; YES; NO;       DT_DF; NO;      NO;   NO;           0;
aten::binary_cross_entropy_backward;                             YES; YES; YES; NO;       DT_DF; NO;      NO;   NO;           0;
aten::binary_cross_entropy_backward.grad_input;                  YES; YES; YES; NO;       DT_DF; NO;      NO;   NO;           0;
aten::binary_cross_entropy_with_logits;                          NO;  NO;  YES; NO;       DT_DT; NO;      NO;   NO;           0;
aten::bincount;                                                  YES; YES; NO;  NO;       DT_DF; YES;     NO;   NO;           0;
aten::binomial;                                                  YES; YES; NO;  NO;       DT_DF; YES;     NO;   NO;           0;
aten::bitwise_and.Scalar;                                        NO;  NO;  YES; NO;       DT_DT; NO;      NO;   NO;           0;
aten::bitwise_and.Scalar_Tensor;                                 NO;  NO;  YES; NO;       DT_DT; NO;      NO;   NO;           0;
aten::bitwise_and.Scalar_out;                                    NO;  NO;  YES; NO;       DT_DT; NO;      NO;   NO;           0;
aten::bitwise_and.Tensor;                                        YES; YES; YES; NO;       DT_DT; NO;      NO;   NO;           0;
aten::bitwise_and.Tensor_out;                                    YES; YES; YES; NO;       DT_DF; NO;      NO;   NO;           0;
aten::bitwise_and_.Tensor;                                       YES; YES; YES; NO;       DT_DT; NO;      NO;   NO;           0;
aten::bitwise_left_shift.Scalar_Tensor;                          NO;  NO;  YES; NO;       DT_DT; NO;      NO;   NO;           0;
aten::bitwise_left_shift.Tensor;                                 YES; YES; YES; NO;       DT_DT; NO;      NO;   NO;           0;
aten::bitwise_left_shift.Tensor_Scalar;                          NO;  NO;  YES; NO;       DT_DT; NO;      NO;   NO;           0;
aten::bitwise_left_shift.Tensor_Scalar_out;                      NO;  NO;  YES; NO;       DT_DT; NO;      NO;   NO;           0;
aten::bitwise_left_shift.Tensor_out;                             YES; YES; YES; NO;       DT_DF; NO;      NO;   NO;           0;
aten::bitwise_left_shift_.Tensor;                                YES; YES; YES; NO;       DT_DT; NO;      NO;   NO;           0;
aten::bitwise_left_shift_.Tensor_Scalar;                         NO;  NO;  YES; NO;       DT_DT; NO;      NO;   NO;           0;
aten::bitwise_not;                                               YES; YES; YES; NO;       DT_DT; NO;      YES;  NO;           0;
aten::bitwise_not.out;                                           YES; YES; YES; NO;       DT_DF; NO;      NO;   NO;           0;
aten::bitwise_not_;                                              YES; YES; YES; NO;       DT_DT; NO;      NO;   NO;           0;
aten::bitwise_or.Scalar;                                         NO;  NO;  YES; NO;       DT_DT; NO;      NO;   NO;           0;
aten::bitwise_or.Scalar_Tensor;                                  NO;  NO;  YES; NO;       DT_DT; NO;      NO;   NO;           0;
aten::bitwise_or.Scalar_out;                                     NO;  NO;  YES; NO;       DT_DT; NO;      NO;   NO;           0;
aten::bitwise_or.Tensor;                                         YES; YES; YES; NO;       DT_DT; NO;      NO;   NO;           0;
aten::bitwise_or.Tensor_out;                                     YES; YES; YES; NO;       DT_DF; NO;      NO;   NO;           0;
aten::bitwise_or_.Tensor;                                        YES; YES; YES; NO;       DT_DT; NO;      NO;   NO;           0;
aten::bitwise_right_shift.Scalar_Tensor;                         NO;  NO;  YES; NO;       DT_DT; NO;      NO;   NO;           0;
aten::bitwise_right_shift.Tensor;                                YES; YES; YES; NO;       DT_DT; NO;      NO;   NO;           0;
aten::bitwise_right_shift.Tensor_Scalar;                         NO;  NO;  YES; NO;       DT_DT; NO;      NO;   NO;           0;
aten::bitwise_right_shift.Tensor_Scalar_out;                     NO;  NO;  YES; NO;       DT_DT; NO;      NO;   NO;           0;
aten::bitwise_right_shift.Tensor_out;                            YES; YES; YES; NO;       DT_DF; NO;      NO;   NO;           0;
aten::bitwise_right_shift_.Tensor;                               YES; YES; YES; NO;       DT_DT; NO;      NO;   NO;           0;
aten::bitwise_right_shift_.Tensor_Scalar;                        NO;  NO;  YES; NO;       DT_DT; NO;      NO;   NO;           0;
aten::bitwise_xor.Scalar_Tensor;                                 NO;  NO;  YES; NO;       DT_DT; NO;      NO;   NO;           0;
aten::bitwise_xor.Scalar_out;                                    NO;  NO;  YES; NO;       DT_DT; NO;      NO;   NO;           0;
aten::bitwise_xor.Tensor;                                        YES; YES; YES; NO;       DT_DT; NO;      NO;   NO;           0;
aten::bitwise_xor.Tensor_out;                                    YES; YES; YES; NO;       DT_DF; NO;      NO;   NO;           0;
aten::bitwise_xor_.Tensor;                                       YES; YES; YES; NO;       DT_DT; NO;      NO;   NO;           0;
aten::bmm;                                                       YES; YES; YES; NO;       DT_DT; NO;      YES;  YES;          2; dlrm_a, dlrm_github
aten::bmm.out;                                                   YES; YES; YES; NO;       DT_DF; NO;      NO;   NO;           0;
aten::bucketize.Scalar;                                          YES; YES; NO;  NO;       DT_DF; YES;     NO;   NO;           0;
aten::bucketize.Tensor;                                          YES; YES; NO;  NO;       DT_DF; YES;     NO;   NO;           0;
aten::bucketize.Tensor_out;                                      YES; YES; NO;  NO;       DT_DF; YES;     NO;   NO;           0;
aten::cat;                                                       YES; YES; YES; NO;       DT_DT; NO;      YES;  YES;          8; densenet161, dlrm_a, dlrm_github, googlenet, inception_v3, shufflenet_v2_x1_0, squeezenet1_0, unet3d
aten::cat.out;                                                   YES; YES; YES; NO;       DT_DF; NO;      NO;   NO;           0;
aten::cauchy_;                                                   YES; YES; NO;  NO;       DT_DF; YES;     NO;   NO;           0;
aten::ceil;                                                      YES; YES; YES; NO;       DT_DT; NO;      YES;  NO;           0;
aten::ceil.out;                                                  YES; YES; YES; NO;       DT_DF; NO;      NO;   NO;           0;
aten::ceil_;                                                     YES; YES; YES; NO;       DT_DT; NO;      NO;   NO;           0;
aten::channel_shuffle;                                           YES; YES; YES; NO;       DT_DF; NO;      NO;   YES;          1; shufflenet_v2_x1_0
aten::cholesky;                                                  YES; YES; NO;  NO;       DT_DF; YES;     NO;   NO;           0;
aten::cholesky.out;                                              YES; YES; NO;  NO;       DT_DF; YES;     NO;   NO;           0;
aten::cholesky_inverse;                                          YES; YES; NO;  NO;       DT_DF; YES;     NO;   NO;           0;
aten::cholesky_inverse.out;                                      YES; YES; NO;  NO;       DT_DF; YES;     NO;   NO;           0;
aten::clamp;                                                     YES; YES; YES; NO;       DT_DT; NO;      YES;  NO;           0;
aten::clamp.Tensor;                                              YES; YES; YES; NO;       DT_DT; NO;      NO;   NO;           0;
aten::clamp.Tensor_out;                                          YES; YES; YES; NO;       DT_DF; NO;      NO;   NO;           0;
aten::clamp.out;                                                 YES; YES; YES; NO;       DT_DF; NO;      NO;   NO;           0;
aten::clamp_;                                                    YES; YES; YES; NO;       DT_DT; NO;      NO;   NO;           0;
aten::clamp_.Tensor;                                             YES; YES; YES; NO;       DT_DT; NO;      NO;   NO;           0;
aten::clamp_max;                                                 YES; YES; YES; NO;       DT_DT; NO;      YES;  NO;           0;
aten::clamp_max.Tensor;                                          YES; YES; YES; NO;       DT_DT; NO;      NO;   NO;           0;
aten::clamp_max.Tensor_out;                                      YES; YES; YES; NO;       DT_DF; NO;      NO;   NO;           0;
aten::clamp_max.out;                                             YES; YES; YES; NO;       DT_DF; NO;      NO;   NO;           0;
aten::clamp_max_;                                                YES; YES; YES; NO;       DT_DT; NO;      NO;   NO;           0;
aten::clamp_max_.Tensor;                                         YES; YES; YES; NO;       DT_DT; NO;      NO;   NO;           0;
aten::clamp_min;                                                 YES; YES; YES; NO;       DT_DT; NO;      YES;  NO;           0;
aten::clamp_min.Tensor;                                          YES; YES; YES; NO;       DT_DT; NO;      NO;   NO;           0;
aten::clamp_min.Tensor_out;                                      YES; YES; YES; NO;       DT_DF; NO;      NO;   NO;           0;
aten::clamp_min.out;                                             YES; YES; YES; NO;       DT_DF; NO;      NO;   NO;           0;
aten::clamp_min_;                                                YES; YES; YES; NO;       DT_DT; NO;      NO;   NO;           0;
aten::clamp_min_.Tensor;                                         YES; YES; YES; NO;       DT_DT; NO;      NO;   NO;           0;
aten::clone;                                                     NO;  NO;  YES; NO;       DT_DT; NO;      YES;  NO;           0;
aten::col2im;                                                    YES; YES; NO;  NO;       DT_DF; YES;     NO;   NO;           0;
aten::col2im.out;                                                YES; YES; NO;  NO;       DT_DF; YES;     NO;   NO;           0;
aten::complex;                                                   NO;  NO;  YES; NO;       DT_DT; NO;      NO;   NO;           0;
aten::complex.out;                                               YES; YES; NO;  NO;       DT_DF; YES;     NO;   NO;           0;
aten::conj_physical.out;                                         YES; YES; NO;  NO;       DT_DF; YES;     NO;   NO;           0;
aten::constant_pad_nd;                                           NO;  NO;  YES; NO;       DT_DT; NO;      YES;  NO;           0;
aten::conv_depthwise3d;                                          NO;  YES; NO;  NO;       DT_DF; YES;     NO;   NO;           0;
aten::convolution_backward;                                      NO;  YES; NO;  NO;       DT_DT; YES;     NO;   NO;           0;
aten::convolution_backward_overrideable;                         NO;  NO;  YES; NO;       DT_DT; NO;      NO;   NO;           0;
aten::convolution_overrideable;                                  NO;  NO;  YES; NO;       DT_DT; NO;      NO;   NO;           0;
aten::copy_;                                                     NO;  NO;  YES; NO;       DT_DT; NO;      YES;  NO;           0;
aten::copysign.Scalar;                                           NO;  NO;  YES; NO;       DT_DT; NO;      NO;   NO;           0;
aten::copysign.Scalar_out;                                       NO;  NO;  YES; NO;       DT_DT; NO;      NO;   NO;           0;
aten::copysign.Tensor;                                           YES; YES; YES; NO;       DT_DT; NO;      NO;   NO;           0;
aten::copysign.out;                                              YES; YES; YES; NO;       DT_DF; NO;      NO;   NO;           0;
aten::copysign_.Scalar;                                          NO;  NO;  YES; NO;       DT_DT; NO;      NO;   NO;           0;
aten::copysign_.Tensor;                                          YES; YES; YES; NO;       DT_DT; NO;      NO;   NO;           0;
aten::cos;                                                       YES; YES; YES; NO;       DT_DT; NO;      YES;  NO;           0;
aten::cos.out;                                                   YES; YES; YES; NO;       DT_DF; NO;      NO;   NO;           0;
aten::cos_;                                                      YES; YES; YES; NO;       DT_DT; NO;      NO;   NO;           0;
aten::cosh;                                                      YES; YES; YES; NO;       DT_DT; NO;      YES;  NO;           0;
aten::cosh.out;                                                  YES; YES; YES; NO;       DT_DF; NO;      NO;   NO;           0;
aten::cosh_;                                                     YES; YES; YES; NO;       DT_DT; NO;      NO;   NO;           0;
aten::count_nonzero;                                             NO;  NO;  YES; NO;       DT_DT; NO;      NO;   NO;           0;
aten::count_nonzero.dim_IntList;                                 YES; YES; YES; NO;       DT_DF; NO;      NO;   NO;           0;
aten::cudnn_affine_grid_generator;                               NO;  YES; NO;  NO;       DT_DF; YES;     NO;   NO;           0;
aten::cudnn_affine_grid_generator_backward;                      NO;  YES; NO;  NO;       DT_DF; YES;     NO;   NO;           0;
aten::cudnn_batch_norm;                                          NO;  YES; NO;  NO;       DT_DF; YES;     NO;   NO;           0;
aten::cudnn_batch_norm_backward;                                 NO;  YES; NO;  NO;       DT_DF; YES;     NO;   NO;           0;
aten::cudnn_convolution;                                         NO;  YES; NO;  NO;       DT_DF; YES;     NO;   NO;           0;
aten::cudnn_convolution_add_relu;                                NO;  YES; NO;  NO;       DT_DF; YES;     NO;   NO;           0;
aten::cudnn_convolution_relu;                                    NO;  YES; NO;  NO;       DT_DF; YES;     NO;   NO;           0;
aten::cudnn_convolution_transpose;                               NO;  YES; NO;  NO;       DT_DF; YES;     NO;   NO;           0;
aten::cudnn_grid_sampler;                                        NO;  YES; NO;  NO;       DT_DF; YES;     NO;   NO;           0;
aten::cudnn_grid_sampler_backward;                               NO;  YES; NO;  NO;       DT_DF; YES;     NO;   NO;           0;
aten::cumprod;                                                   YES; YES; YES; NO;       DT_DT; NO;      NO;   NO;           0;
aten::cumprod.out;                                               YES; YES; YES; NO;       DT_DF; NO;      NO;   NO;           0;
aten::cumprod_;                                                  YES; YES; YES; NO;       DT_DT; NO;      NO;   NO;           0;
aten::cumsum;                                                    YES; YES; YES; NO;       DT_DT; NO;      YES;  NO;           0;
aten::cumsum.out;                                                YES; YES; YES; NO;       DT_DF; NO;      NO;   NO;           0;
aten::cumsum_;                                                   YES; YES; YES; NO;       DT_DT; NO;      NO;   NO;           0;
aten::dense_dim;                                                 YES; YES; NO;  NO;       DT_DF; YES;     NO;   NO;           0;
aten::dequantize.self;                                           YES; YES; NO;  NO;       DT_DF; YES;     NO;   NO;           0;
aten::diag.out;                                                  NO;  NO;  YES; YES;      DF_DT; NO;      NO;   NO;           0;
aten::digamma;                                                   YES; YES; NO;  NO;       DT_DT; YES;     NO;   NO;           0;
aten::digamma.out;                                               YES; YES; NO;  NO;       DT_DF; YES;     NO;   NO;           0;
aten::digamma_;                                                  YES; YES; NO;  NO;       DT_DT; YES;     NO;   NO;           0;
aten::div.Scalar;                                                NO;  NO;  YES; NO;       DT_DT; NO;      YES;  NO;           0;
aten::div.Scalar_mode;                                           NO;  NO;  YES; NO;       DT_DT; NO;      NO;   NO;           0;
aten::div.Scalar_mode_out;                                       NO;  NO;  YES; NO;       DT_DT; NO;      NO;   NO;           0;
aten::div.Scalar_out;                                            NO;  NO;  YES; NO;       DT_DT; NO;      NO;   NO;           0;
aten::div.Tensor;                                                YES; YES; YES; NO;       DT_DT; NO;      YES;  NO;           0;
aten::div.Tensor_mode;                                           YES; YES; YES; NO;       DT_DT; NO;      YES;  NO;           0;
aten::div.out;                                                   YES; YES; YES; NO;       DT_DF; NO;      NO;   NO;           0;
aten::div.out_mode;                                              YES; YES; YES; NO;       DT_DF; NO;      NO;   NO;           0;
aten::div_.Scalar;                                               NO;  NO;  YES; NO;       DT_DT; NO;      YES;  NO;           0;
aten::div_.Scalar_mode;                                          NO;  NO;  YES; NO;       DT_DT; NO;      NO;   NO;           0;
aten::div_.Tensor;                                               YES; YES; YES; NO;       DT_DT; NO;      YES;  NO;           0;
aten::div_.Tensor_mode;                                          YES; YES; YES; NO;       DT_DT; NO;      NO;   NO;           0;
aten::dot;                                                       YES; YES; YES; NO;       DT_DF; NO;      NO;   NO;           0;
aten::dot.out;                                                   NO;  NO;  YES; NO;       DT_DT; NO;      NO;   NO;           0;
aten::dropout;                                                   NO;  NO;  YES; YES;      DF_DT; NO;      NO;   YES;          7; alexnet, googlenet, inception_v3, mnasnet1_0, mobilenet_v2, squeezenet1_0, vgg16
aten::elu;                                                       YES; YES; YES; NO;       DT_DT; NO;      YES;  NO;           0;
aten::elu.out;                                                   YES; YES; YES; NO;       DT_DF; NO;      NO;   NO;           0;
aten::elu_;                                                      YES; YES; YES; NO;       DT_DT; NO;      NO;   NO;           0;
aten::elu_backward;                                              YES; YES; YES; NO;       DT_DT; NO;      NO;   NO;           0;
aten::elu_backward.grad_input;                                   YES; YES; YES; NO;       DT_DF; NO;      NO;   NO;           0;
aten::embedding;                                                 NO;  NO;  YES; NO;       DT_DT; NO;      YES;  NO;           0;
aten::embedding_dense_backward;                                  YES; YES; YES; NO;       DT_DF; NO;      NO;   NO;           0;
aten::embedding_renorm_;                                         YES; YES; NO;  NO;       DT_DF; YES;     NO;   NO;           0;
aten::empty.memory_format;                                       YES; YES; YES; NO;       DT_DF; NO;      NO;   NO;           0;
aten::empty_strided;                                             YES; YES; YES; NO;       DT_DF; NO;      NO;   NO;           0;
aten::eq.Scalar;                                                 YES; YES; YES; NO;       DT_DT; NO;      YES;  NO;           0;
aten::eq.Scalar_out;                                             YES; YES; YES; NO;       DT_DF; NO;      NO;   NO;           0;
aten::eq.Tensor;                                                 YES; YES; YES; NO;       DT_DT; NO;      YES;  NO;           0;
aten::eq.Tensor_out;                                             YES; YES; YES; NO;       DT_DF; NO;      NO;   NO;           0;
aten::eq_.Scalar;                                                YES; YES; YES; NO;       DT_DT; NO;      NO;   NO;           0;
aten::eq_.Tensor;                                                YES; YES; YES; NO;       DT_DT; NO;      NO;   NO;           0;
aten::equal;                                                     YES; YES; YES; NO;       DT_DF; NO;      NO;   NO;           0;
aten::erf;                                                       YES; YES; YES; NO;       DT_DT; NO;      YES;  NO;           0;
aten::erf.out;                                                   YES; YES; YES; NO;       DT_DF; NO;      NO;   NO;           0;
aten::erf_;                                                      YES; YES; YES; NO;       DT_DT; NO;      NO;   NO;           0;
aten::erfc;                                                      YES; YES; YES; NO;       DT_DT; NO;      NO;   NO;           0;
aten::erfc.out;                                                  YES; YES; YES; NO;       DT_DF; NO;      NO;   NO;           0;
aten::erfc_;                                                     YES; YES; YES; NO;       DT_DT; NO;      NO;   NO;           0;
aten::erfinv;                                                    YES; YES; YES; NO;       DT_DT; NO;      NO;   NO;           0;
aten::erfinv.out;                                                YES; YES; YES; NO;       DT_DF; NO;      NO;   NO;           0;
aten::erfinv_;                                                   YES; YES; YES; NO;       DT_DT; NO;      NO;   NO;           0;
aten::exp;                                                       YES; YES; YES; NO;       DT_DT; NO;      YES;  NO;           0;
aten::exp.out;                                                   YES; YES; YES; NO;       DT_DF; NO;      NO;   NO;           0;
aten::exp2;                                                      YES; YES; YES; NO;       DT_DT; NO;      NO;   NO;           0;
aten::exp2.out;                                                  YES; YES; YES; NO;       DT_DF; NO;      NO;   NO;           0;
aten::exp2_;                                                     YES; YES; YES; NO;       DT_DT; NO;      NO;   NO;           0;
aten::exp_;                                                      YES; YES; YES; NO;       DT_DT; NO;      NO;   NO;           0;
aten::expand;                                                    NO;  NO;  YES; NO;       DT_DT; NO;      YES;  NO;           0;
aten::expm1;                                                     YES; YES; YES; NO;       DT_DT; NO;      NO;   NO;           0;
aten::expm1.out;                                                 YES; YES; YES; NO;       DT_DF; NO;      NO;   NO;           0;
aten::expm1_;                                                    YES; YES; YES; NO;       DT_DT; NO;      NO;   NO;           0;
aten::exponential;                                               NO;  NO;  YES; NO;       DT_DT; NO;      NO;   NO;           0;
aten::exponential.out;                                           NO;  NO;  YES; NO;       DT_DT; NO;      NO;   NO;           0;
aten::exponential_;                                              YES; YES; YES; NO;       DT_DF; NO;      NO;   NO;           0;
aten::eye.m_out;                                                 YES; YES; YES; NO;       DT_DF; NO;      NO;   NO;           0;
aten::eye.out;                                                   YES; YES; YES; NO;       DT_DF; NO;      NO;   NO;           0;
aten::fake_quantize_per_channel_affine_cachemask;                YES; YES; NO;  NO;       DT_DF; YES;     NO;   NO;           0;
aten::fake_quantize_per_tensor_affine_cachemask;                 YES; YES; NO;  NO;       DT_DF; YES;     NO;   NO;           0;
aten::fill.Scalar;                                               NO;  NO;  YES; NO;       DT_DT; NO;      NO;   NO;           0;
aten::fill.Scalar_out;                                           NO;  NO;  YES; NO;       DT_DT; NO;      NO;   NO;           0;
aten::fill.Tensor_out;                                           NO;  NO;  YES; NO;       DT_DT; NO;      NO;   NO;           0;
aten::fill_.Scalar;                                              YES; YES; YES; NO;       DT_DF; NO;      NO;   NO;           0;
aten::fill_.Tensor;                                              YES; YES; YES; NO;       DT_DF; NO;      NO;   NO;           0;
aten::flip;                                                      YES; YES; YES; NO;       DT_DF; NO;      NO;   NO;           0;
aten::floor;                                                     YES; YES; YES; NO;       DT_DT; NO;      YES;  NO;           0;
aten::floor.out;                                                 YES; YES; YES; NO;       DT_DF; NO;      NO;   NO;           0;
aten::floor_;                                                    YES; YES; YES; NO;       DT_DT; NO;      NO;   NO;           0;
aten::floor_divide;                                              YES; YES; YES; NO;       DT_DF; NO;      YES;  NO;           0;
aten::floor_divide.out;                                          YES; YES; YES; NO;       DT_DF; NO;      NO;   NO;           0;
aten::floor_divide_.Tensor;                                      YES; YES; YES; NO;       DT_DF; NO;      NO;   NO;           0;
aten::fmax;                                                      YES; YES; NO;  NO;       DT_DT; YES;     NO;   NO;           0;
aten::fmax.out;                                                  YES; YES; NO;  NO;       DT_DF; YES;     NO;   NO;           0;
aten::fmin;                                                      YES; YES; NO;  NO;       DT_DT; YES;     NO;   NO;           0;
aten::fmin.out;                                                  YES; YES; NO;  NO;       DT_DF; YES;     NO;   NO;           0;
aten::fmod.Scalar;                                               NO;  NO;  YES; NO;       DT_DT; NO;      NO;   NO;           0;
aten::fmod.Scalar_out;                                           NO;  NO;  YES; NO;       DT_DT; NO;      NO;   NO;           0;
aten::fmod.Tensor;                                               YES; YES; YES; NO;       DT_DT; NO;      NO;   NO;           0;
aten::fmod.Tensor_out;                                           YES; YES; YES; NO;       DT_DF; NO;      NO;   NO;           0;
aten::fmod_.Scalar;                                              NO;  NO;  YES; NO;       DT_DT; NO;      NO;   NO;           0;
aten::fmod_.Tensor;                                              YES; YES; YES; NO;       DT_DT; NO;      NO;   NO;           0;
aten::frac;                                                      YES; YES; YES; NO;       DT_DT; NO;      NO;   NO;           0;
aten::frac.out;                                                  YES; YES; YES; NO;       DT_DF; NO;      NO;   NO;           0;
aten::frac_;                                                     YES; YES; YES; NO;       DT_DT; NO;      NO;   NO;           0;
aten::fractional_max_pool2d;                                     YES; YES; NO;  NO;       DT_DT; YES;     NO;   NO;           0;
aten::fractional_max_pool2d.output;                              YES; YES; NO;  NO;       DT_DF; YES;     NO;   NO;           0;
aten::fractional_max_pool2d_backward;                            YES; YES; NO;  NO;       DT_DT; YES;     NO;   NO;           0;
aten::fractional_max_pool2d_backward.grad_input;                 YES; YES; NO;  NO;       DT_DF; YES;     NO;   NO;           0;
aten::fractional_max_pool3d;                                     YES; YES; NO;  NO;       DT_DT; YES;     NO;   NO;           0;
aten::fractional_max_pool3d.output;                              YES; YES; NO;  NO;       DT_DF; YES;     NO;   NO;           0;
aten::fractional_max_pool3d_backward;                            YES; YES; NO;  NO;       DT_DF; YES;     NO;   NO;           0;
aten::fractional_max_pool3d_backward.grad_input;                 YES; YES; NO;  NO;       DT_DF; YES;     NO;   NO;           0;
aten::frexp.Tensor;                                              NO;  NO;  YES; NO;       DT_DT; NO;      NO;   NO;           0;
aten::frexp.Tensor_out;                                          YES; YES; YES; NO;       DT_DF; NO;      NO;   NO;           0;
aten::from_file;                                                 YES; NO;  NO;  NO;       DT_DF; NO;      NO;   NO;           0;
aten::full;                                                      NO;  NO;  YES; NO;       DT_DT; NO;      NO;   NO;           0;
aten::gather;                                                    YES; YES; YES; NO;       DT_DT; NO;      NO;   NO;           0;
aten::gather.out;                                                YES; YES; YES; NO;       DT_DF; NO;      NO;   NO;           0;
aten::gcd;                                                       YES; YES; NO;  NO;       DT_DT; YES;     NO;   NO;           0;
aten::gcd.out;                                                   YES; YES; NO;  NO;       DT_DF; YES;     NO;   NO;           0;
aten::gcd_;                                                      YES; YES; NO;  NO;       DT_DT; YES;     NO;   NO;           0;
aten::ge.Scalar;                                                 YES; YES; YES; NO;       DT_DT; NO;      YES;  NO;           0;
aten::ge.Scalar_out;                                             YES; YES; YES; NO;       DT_DF; NO;      NO;   NO;           0;
aten::ge.Tensor;                                                 YES; YES; YES; NO;       DT_DT; NO;      YES;  NO;           0;
aten::ge.Tensor_out;                                             YES; YES; YES; NO;       DT_DF; NO;      NO;   NO;           0;
aten::ge_.Scalar;                                                YES; YES; YES; NO;       DT_DT; NO;      NO;   NO;           0;
aten::ge_.Tensor;                                                YES; YES; YES; NO;       DT_DT; NO;      NO;   NO;           0;
aten::gelu;                                                      YES; YES; YES; NO;       DT_DT; NO;      NO;   NO;           0;
aten::gelu.out;                                                  YES; YES; YES; NO;       DT_DF; NO;      NO;   NO;           0;
aten::gelu_;                                                     YES; YES; YES; NO;       DT_DT; NO;      NO;   NO;           0;
aten::gelu_backward;                                             YES; YES; YES; NO;       DT_DT; NO;      NO;   NO;           0;
aten::gelu_backward.grad_input;                                  YES; YES; YES; NO;       DT_DF; NO;      NO;   NO;           0;
aten::geometric.out;                                             NO;  NO;  YES; NO;       DT_DT; NO;      NO;   NO;           0;
aten::geometric_;                                                YES; YES; YES; NO;       DT_DF; NO;      NO;   NO;           0;
aten::geqrf;                                                     YES; YES; NO;  NO;       DT_DF; YES;     NO;   NO;           0;
aten::geqrf.a;                                                   YES; YES; NO;  NO;       DT_DF; YES;     NO;   NO;           0;
aten::glu;                                                       YES; YES; YES; NO;       DT_DT; NO;      NO;   NO;           0;
aten::glu.out;                                                   YES; YES; YES; NO;       DT_DF; NO;      NO;   NO;           0;
aten::glu_backward;                                              YES; YES; YES; NO;       DT_DF; NO;      NO;   NO;           0;
aten::glu_backward.grad_input;                                   YES; YES; YES; NO;       DT_DF; NO;      NO;   NO;           0;
aten::glu_backward_jvp;                                          YES; YES; NO;  NO;       DT_DF; YES;     NO;   NO;           0;
aten::glu_jvp;                                                   YES; YES; NO;  NO;       DT_DF; YES;     NO;   NO;           0;
aten::grid_sampler_2d;                                           YES; YES; YES; NO;       DT_DF; NO;      NO;   NO;           0;
aten::grid_sampler_2d_backward;                                  YES; YES; NO;  NO;       DT_DF; YES;     NO;   NO;           0;
aten::grid_sampler_3d;                                           YES; YES; NO;  NO;       DT_DF; YES;     NO;   NO;           0;
aten::grid_sampler_3d_backward;                                  YES; YES; NO;  NO;       DT_DF; YES;     NO;   NO;           0;
aten::gt.Scalar;                                                 YES; YES; YES; NO;       DT_DT; NO;      YES;  NO;           0;
aten::gt.Scalar_out;                                             YES; YES; YES; NO;       DT_DF; NO;      NO;   NO;           0;
aten::gt.Tensor;                                                 YES; YES; YES; NO;       DT_DT; NO;      YES;  NO;           0;
aten::gt.Tensor_out;                                             YES; YES; YES; NO;       DT_DF; NO;      NO;   NO;           0;
aten::gt_.Scalar;                                                YES; YES; YES; NO;       DT_DT; NO;      NO;   NO;           0;
aten::gt_.Tensor;                                                YES; YES; YES; NO;       DT_DT; NO;      NO;   NO;           0;
aten::hardshrink;                                                YES; YES; YES; NO;       DT_DT; NO;      NO;   NO;           0;
aten::hardshrink.out;                                            YES; YES; YES; NO;       DT_DF; NO;      NO;   NO;           0;
aten::hardshrink_backward;                                       YES; YES; YES; NO;       DT_DT; NO;      NO;   NO;           0;
aten::hardshrink_backward.grad_input;                            YES; YES; YES; NO;       DT_DF; NO;      NO;   NO;           0;
aten::hardsigmoid;                                               YES; YES; YES; NO;       DT_DT; NO;      NO;   NO;           0;
aten::hardsigmoid.out;                                           YES; YES; YES; NO;       DT_DF; NO;      NO;   NO;           0;
aten::hardsigmoid_;                                              YES; YES; YES; NO;       DT_DT; NO;      NO;   NO;           0;
aten::hardsigmoid_backward;                                      YES; YES; YES; NO;       DT_DT; NO;      NO;   NO;           0;
aten::hardsigmoid_backward.grad_input;                           YES; YES; YES; NO;       DT_DF; NO;      NO;   NO;           0;
aten::hardswish;                                                 YES; YES; YES; NO;       DT_DF; NO;      NO;   NO;           0;
aten::hardswish.out;                                             YES; YES; YES; NO;       DT_DF; NO;      NO;   NO;           0;
aten::hardswish_;                                                YES; YES; YES; NO;       DT_DF; NO;      NO;   NO;           0;
aten::hardswish_backward;                                        YES; YES; YES; NO;       DT_DF; NO;      NO;   NO;           0;
aten::hardtanh;                                                  YES; YES; YES; NO;       DT_DF; NO;      YES;  NO;           0;
aten::hardtanh.out;                                              YES; YES; YES; NO;       DT_DF; NO;      NO;   NO;           0;
aten::hardtanh_;                                                 YES; YES; YES; NO;       DT_DF; NO;      YES;  NO;           0;
aten::hardtanh_backward;                                         YES; YES; YES; NO;       DT_DF; NO;      NO;   NO;           0;
aten::hardtanh_backward.grad_input;                              YES; YES; YES; NO;       DT_DF; NO;      NO;   NO;           0;
aten::heaviside;                                                 YES; YES; YES; NO;       DT_DT; NO;      NO;   NO;           0;
aten::heaviside.out;                                             YES; YES; YES; NO;       DT_DF; NO;      NO;   NO;           0;
aten::heaviside_;                                                YES; YES; YES; NO;       DT_DT; NO;      NO;   NO;           0;
aten::histc;                                                     YES; YES; NO;  NO;       DT_DF; YES;     NO;   NO;           0;
aten::histc.out;                                                 YES; YES; NO;  NO;       DT_DF; YES;     NO;   NO;           0;
aten::histogram.bin_ct;                                          YES; NO;  NO;  NO;       DT_DF; NO;      NO;   NO;           0;
aten::histogram.bin_ct_out;                                      YES; NO;  NO;  NO;       DT_DF; NO;      NO;   NO;           0;
aten::histogram.bins_tensor;                                     YES; NO;  NO;  NO;       DT_DF; NO;      NO;   NO;           0;
aten::histogram.bins_tensor_out;                                 YES; NO;  NO;  NO;       DT_DF; NO;      NO;   NO;           0;
aten::huber_loss;                                                YES; YES; YES; NO;       DT_DF; NO;      NO;   NO;           0;
aten::huber_loss.out;                                            YES; YES; YES; NO;       DT_DF; NO;      NO;   NO;           0;
aten::huber_loss_backward;                                       NO;  NO;  YES; NO;       DT_DT; NO;      NO;   NO;           0;
aten::huber_loss_backward.out;                                   YES; YES; YES; NO;       DT_DF; NO;      NO;   NO;           0;
aten::hypot;                                                     YES; YES; YES; NO;       DT_DT; NO;      NO;   NO;           0;
aten::hypot.out;                                                 YES; YES; YES; NO;       DT_DF; NO;      NO;   NO;           0;
aten::hypot_;                                                    YES; YES; YES; NO;       DT_DT; NO;      NO;   NO;           0;
aten::i0;                                                        YES; YES; NO;  NO;       DT_DT; YES;     NO;   NO;           0;
aten::i0.out;                                                    YES; YES; NO;  NO;       DT_DF; YES;     NO;   NO;           0;
aten::i0_;                                                       YES; YES; NO;  NO;       DT_DT; YES;     NO;   NO;           0;
aten::igamma;                                                    YES; YES; NO;  NO;       DT_DT; YES;     NO;   NO;           0;
aten::igamma.out;                                                YES; YES; NO;  NO;       DT_DF; YES;     NO;   NO;           0;
aten::igamma_;                                                   YES; YES; NO;  NO;       DT_DT; YES;     NO;   NO;           0;
aten::igammac;                                                   YES; YES; NO;  NO;       DT_DT; YES;     NO;   NO;           0;
aten::igammac.out;                                               YES; YES; NO;  NO;       DT_DF; YES;     NO;   NO;           0;
aten::igammac_;                                                  YES; YES; NO;  NO;       DT_DT; YES;     NO;   NO;           0;
aten::im2col;                                                    YES; YES; NO;  NO;       DT_DF; YES;     NO;   NO;           0;
aten::im2col.out;                                                YES; YES; NO;  NO;       DT_DF; YES;     NO;   NO;           0;
aten::index.Tensor;                                              YES; YES; YES; NO;       DT_DT; NO;      YES;  YES;          1; dlrm_github
aten::index.Tensor_out;                                          YES; YES; YES; NO;       DT_DF; NO;      NO;   NO;           0;
aten::index_add;                                                 YES; YES; NO;  NO;       DT_DT; YES;     NO;   NO;           0;
aten::index_add.out;                                             YES; YES; YES; NO;       DT_DF; NO;      NO;   NO;           0;
aten::index_add_;                                                YES; YES; YES; NO;       DT_DT; NO;      NO;   NO;           0;
aten::index_copy;                                                YES; YES; YES; NO;       DT_DT; NO;      NO;   NO;           0;
aten::index_copy.out;                                            YES; YES; YES; NO;       DT_DF; NO;      NO;   NO;           0;
aten::index_copy_;                                               YES; YES; YES; NO;       DT_DT; NO;      NO;   NO;           0;
aten::index_fill_.int_Scalar;                                    YES; YES; YES; NO;       DT_DF; NO;      NO;   NO;           0;
aten::index_fill_.int_Tensor;                                    YES; YES; NO;  NO;       DT_DF; YES;     NO;   NO;           0;
aten::index_reduce;                                              YES; YES; NO;  NO;       DT_DT; YES;     NO;   NO;           0;
aten::index_reduce.out;                                          YES; YES; NO;  NO;       DT_DF; YES;     NO;   NO;           0;
aten::index_reduce_;                                             YES; YES; NO;  NO;       DT_DT; YES;     NO;   NO;           0;
aten::index_select;                                              YES; YES; YES; NO;       DT_DF; NO;      NO;   NO;           0;
aten::index_select.out;                                          YES; YES; YES; NO;       DT_DF; NO;      NO;   NO;           0;
aten::instance_norm;                                             NO;  NO;  YES; YES;      DF_DT; NO;      YES;  NO;           0;
aten::is_pinned;                                                 NO;  YES; YES; NO;       DT_DT; NO;      NO;   NO;           0;
aten::is_set_to;                                                 YES; YES; NO;  NO;       DT_DF; YES;     NO;   NO;           0;
aten::isfinite;                                                  NO;  NO;  YES; YES;      DF_DT; NO;      NO;   NO;           0;
aten::isin.Scalar_Tensor;                                        YES; YES; NO;  NO;       DT_DT; YES;     NO;   NO;           0;
aten::isin.Scalar_Tensor_out;                                    YES; YES; NO;  NO;       DT_DF; YES;     NO;   NO;           0;
aten::isin.Tensor_Scalar;                                        YES; YES; NO;  NO;       DT_DT; YES;     NO;   NO;           0;
aten::isin.Tensor_Scalar_out;                                    YES; YES; NO;  NO;       DT_DF; YES;     NO;   NO;           0;
aten::isin.Tensor_Tensor;                                        YES; YES; NO;  NO;       DT_DT; YES;     NO;   NO;           0;
aten::isin.Tensor_Tensor_out;                                    YES; YES; NO;  NO;       DT_DF; YES;     NO;   NO;           0;
aten::isinf;                                                     NO;  NO;  YES; NO;       DT_DT; NO;      NO;   NO;           0;
aten::isinf.out;                                                 NO;  NO;  YES; NO;       DT_DT; NO;      NO;   NO;           0;
aten::isnan;                                                     YES; YES; YES; NO;       DT_DF; NO;      NO;   NO;           0;
aten::isneginf;                                                  YES; YES; YES; NO;       DT_DT; NO;      NO;   NO;           0;
aten::isneginf.out;                                              YES; YES; YES; NO;       DT_DF; NO;      NO;   NO;           0;
aten::isposinf;                                                  YES; YES; YES; NO;       DT_DT; NO;      NO;   NO;           0;
aten::isposinf.out;                                              YES; YES; YES; NO;       DT_DF; NO;      NO;   NO;           0;
aten::kl_div;                                                    NO;  NO;  YES; YES;      DF_DT; NO;      NO;   NO;           0;
aten::kthvalue;                                                  NO;  NO;  YES; NO;       DT_DT; NO;      NO;   NO;           0;
aten::kthvalue.values;                                           YES; YES; YES; NO;       DT_DF; NO;      NO;   NO;           0;
aten::lcm;                                                       YES; YES; NO;  NO;       DT_DT; YES;     NO;   NO;           0;
aten::lcm.out;                                                   YES; YES; NO;  NO;       DT_DF; YES;     NO;   NO;           0;
aten::lcm_;                                                      YES; YES; NO;  NO;       DT_DT; YES;     NO;   NO;           0;
aten::le.Scalar;                                                 YES; YES; YES; NO;       DT_DT; NO;      YES;  NO;           0;
aten::le.Scalar_out;                                             YES; YES; YES; NO;       DT_DF; NO;      NO;   NO;           0;
aten::le.Tensor;                                                 YES; YES; YES; NO;       DT_DT; NO;      YES;  NO;           0;
aten::le.Tensor_out;                                             YES; YES; YES; NO;       DT_DF; NO;      NO;   NO;           0;
aten::le_.Scalar;                                                YES; YES; YES; NO;       DT_DT; NO;      NO;   NO;           0;
aten::le_.Tensor;                                                YES; YES; YES; NO;       DT_DT; NO;      NO;   NO;           0;
aten::leaky_relu;                                                YES; YES; YES; NO;       DT_DT; NO;      YES;  NO;           0;
aten::leaky_relu.out;                                            YES; YES; YES; NO;       DT_DF; NO;      NO;   NO;           0;
aten::leaky_relu_;                                               YES; YES; YES; NO;       DT_DT; NO;      YES;  NO;           0;
aten::leaky_relu_backward;                                       YES; YES; YES; NO;       DT_DT; NO;      NO;   NO;           0;
aten::leaky_relu_backward.grad_input;                            YES; YES; YES; NO;       DT_DF; NO;      NO;   NO;           0;
aten::lerp.Scalar;                                               YES; YES; YES; NO;       DT_DT; NO;      NO;   NO;           0;
aten::lerp.Scalar_out;                                           YES; YES; YES; NO;       DT_DF; NO;      NO;   NO;           0;
aten::lerp.Tensor;                                               YES; YES; YES; NO;       DT_DT; NO;      NO;   NO;           0;
aten::lerp.Tensor_out;                                           YES; YES; YES; NO;       DT_DF; NO;      NO;   NO;           0;
aten::lerp_.Scalar;                                              YES; YES; YES; NO;       DT_DT; NO;      NO;   NO;           0;
aten::lerp_.Tensor;                                              YES; YES; YES; NO;       DT_DT; NO;      NO;   NO;           0;
aten::lgamma;                                                    YES; YES; NO;  NO;       DT_DT; YES;     NO;   NO;           0;
aten::lgamma.out;                                                YES; YES; NO;  NO;       DT_DF; YES;     NO;   NO;           0;
aten::lgamma_;                                                   YES; YES; NO;  NO;       DT_DT; YES;     NO;   NO;           0;
aten::linalg_cholesky_ex;                                        YES; YES; NO;  NO;       DT_DT; YES;     NO;   NO;           0;
aten::linalg_cholesky_ex.L;                                      YES; YES; NO;  NO;       DT_DF; YES;     NO;   NO;           0;
aten::linalg_cross;                                              YES; YES; YES; NO;       DT_DT; NO;      NO;   NO;           0;
aten::linalg_cross.out;                                          YES; YES; YES; NO;       DT_DF; NO;      NO;   NO;           0;
aten::linalg_eig;                                                YES; YES; NO;  NO;       DT_DF; YES;     NO;   NO;           0;
aten::linalg_eig.out;                                            YES; YES; NO;  NO;       DT_DF; YES;     NO;   NO;           0;
aten::linalg_householder_product;                                YES; YES; NO;  NO;       DT_DF; YES;     NO;   NO;           0;
aten::linalg_householder_product.out;                            YES; YES; NO;  NO;       DT_DF; YES;     NO;   NO;           0;
aten::linalg_inv_ex;                                             YES; YES; NO;  NO;       DT_DT; YES;     NO;   NO;           0;
aten::linalg_inv_ex.inverse;                                     YES; YES; NO;  NO;       DT_DF; YES;     NO;   NO;           0;
aten::linalg_ldl_factor_ex;                                      YES; YES; NO;  NO;       DT_DT; YES;     NO;   NO;           0;
aten::linalg_ldl_factor_ex.out;                                  YES; YES; NO;  NO;       DT_DF; YES;     NO;   NO;           0;
aten::linalg_ldl_solve;                                          YES; YES; NO;  NO;       DT_DT; YES;     NO;   NO;           0;
aten::linalg_ldl_solve.out;                                      YES; YES; NO;  NO;       DT_DF; YES;     NO;   NO;           0;
aten::linalg_lstsq.out;                                          YES; YES; NO;  NO;       DT_DF; YES;     NO;   NO;           0;
aten::linalg_lu;                                                 YES; YES; NO;  NO;       DT_DT; YES;     NO;   NO;           0;
aten::linalg_lu.out;                                             YES; YES; NO;  NO;       DT_DF; YES;     NO;   NO;           0;
aten::linalg_lu_factor_ex;                                       YES; YES; NO;  NO;       DT_DT; YES;     NO;   NO;           0;
aten::linalg_lu_factor_ex.out;                                   YES; YES; NO;  NO;       DT_DF; YES;     NO;   NO;           0;
aten::linalg_lu_solve;                                           YES; YES; NO;  NO;       DT_DT; YES;     NO;   NO;           0;
aten::linalg_lu_solve.out;                                       YES; YES; NO;  NO;       DT_DF; YES;     NO;   NO;           0;
aten::linalg_matrix_exp;                                         YES; YES; NO;  NO;       DT_DF; YES;     NO;   NO;           0;
aten::linalg_qr;                                                 YES; YES; NO;  NO;       DT_DT; YES;     NO;   NO;           0;
aten::linalg_qr.out;                                             YES; YES; NO;  NO;       DT_DF; YES;     NO;   NO;           0;
aten::linalg_solve_triangular;                                   YES; YES; NO;  NO;       DT_DF; YES;     NO;   NO;           0;
aten::linalg_solve_triangular.out;                               YES; YES; NO;  NO;       DT_DF; YES;     NO;   NO;           0;
aten::linalg_vector_norm;                                        YES; YES; YES; NO;       DT_DT; NO;      NO;   NO;           0;
aten::linalg_vector_norm.out;                                    YES; YES; YES; NO;       DT_DF; NO;      NO;   NO;           0;
aten::linear;                                                    NO;  NO;  YES; NO;       DT_DT; NO;      YES;  YES;         15; alexnet, densenet161, dlrm_a, dlrm_github, googlenet, inception_v3, mnasnet1_0, mobilenet_v2, r3d_18, resnet18, resnet50, resnext50_32x4d, shufflenet_v2_x1_0, vgg16, wide_resnet50_2
aten::linear_backward;                                           NO;  NO;  YES; NO;       DT_DF; NO;      NO;   NO;           0;
aten::linspace.out;                                              YES; YES; YES; NO;       DT_DF; NO;      NO;   NO;           0;
aten::log;                                                       YES; YES; YES; NO;       DT_DT; NO;      YES;  NO;           0;
aten::log.out;                                                   YES; YES; YES; NO;       DT_DF; NO;      NO;   NO;           0;
aten::log10;                                                     YES; YES; YES; NO;       DT_DT; NO;      NO;   NO;           0;
aten::log10.out;                                                 YES; YES; YES; NO;       DT_DF; NO;      NO;   NO;           0;
aten::log10_;                                                    YES; YES; YES; NO;       DT_DT; NO;      NO;   NO;           0;
aten::log1p;                                                     YES; YES; YES; NO;       DT_DT; NO;      NO;   NO;           0;
aten::log1p.out;                                                 YES; YES; YES; NO;       DT_DF; NO;      NO;   NO;           0;
aten::log1p_;                                                    YES; YES; YES; NO;       DT_DT; NO;      NO;   NO;           0;
aten::log2;                                                      YES; YES; YES; NO;       DT_DT; NO;      NO;   NO;           0;
aten::log2.out;                                                  YES; YES; YES; NO;       DT_DF; NO;      NO;   NO;           0;
aten::log2_;                                                     YES; YES; YES; NO;       DT_DT; NO;      NO;   NO;           0;
aten::log_;                                                      YES; YES; YES; NO;       DT_DT; NO;      NO;   NO;           0;
aten::log_normal_;                                               YES; YES; YES; NO;       DT_DF; NO;      NO;   NO;           0;
aten::log_sigmoid_backward;                                      YES; YES; YES; NO;       DT_DF; NO;      NO;   NO;           0;
aten::log_sigmoid_backward.grad_input;                           YES; YES; YES; NO;       DT_DF; NO;      NO;   NO;           0;
aten::log_sigmoid_forward;                                       YES; YES; YES; NO;       DT_DF; NO;      NO;   NO;           0;
aten::log_sigmoid_forward.output;                                YES; YES; YES; NO;       DT_DF; NO;      NO;   NO;           0;
aten::logaddexp;                                                 YES; YES; YES; NO;       DT_DT; NO;      NO;   NO;           0;
aten::logaddexp.out;                                             YES; YES; YES; NO;       DT_DF; NO;      NO;   NO;           0;
aten::logaddexp2;                                                YES; YES; YES; NO;       DT_DT; NO;      NO;   NO;           0;
aten::logaddexp2.out;                                            YES; YES; YES; NO;       DT_DF; NO;      NO;   NO;           0;
aten::logcumsumexp;                                              NO;  NO;  YES; NO;       DT_DT; NO;      NO;   NO;           0;
aten::logcumsumexp.out;                                          NO;  NO;  YES; NO;       DT_DT; NO;      NO;   NO;           0;
aten::logical_and;                                               NO;  NO;  YES; NO;       DT_DT; NO;      NO;   NO;           0;
aten::logical_and.out;                                           YES; YES; YES; NO;       DT_DF; NO;      NO;   NO;           0;
aten::logical_and_;                                              NO;  NO;  YES; NO;       DT_DT; NO;      NO;   NO;           0;
aten::logical_not;                                               NO;  NO;  YES; NO;       DT_DT; NO;      NO;   NO;           0;
aten::logical_not.out;                                           YES; YES; YES; NO;       DT_DF; NO;      NO;   NO;           0;
aten::logical_not_;                                              NO;  NO;  YES; NO;       DT_DT; NO;      NO;   NO;           0;
aten::logical_or;                                                NO;  NO;  YES; NO;       DT_DT; NO;      NO;   NO;           0;
aten::logical_or.out;                                            YES; YES; YES; NO;       DT_DF; NO;      NO;   NO;           0;
aten::logical_or_;                                               NO;  NO;  YES; NO;       DT_DT; NO;      NO;   NO;           0;
aten::logical_xor;                                               NO;  NO;  YES; NO;       DT_DT; NO;      NO;   NO;           0;
aten::logical_xor.out;                                           YES; YES; YES; NO;       DT_DF; NO;      NO;   NO;           0;
aten::logical_xor_;                                              NO;  NO;  YES; NO;       DT_DT; NO;      NO;   NO;           0;
aten::logit;                                                     YES; YES; YES; NO;       DT_DF; NO;      NO;   NO;           0;
aten::logit.out;                                                 YES; YES; YES; NO;       DT_DF; NO;      NO;   NO;           0;
aten::logit_;                                                    YES; YES; YES; NO;       DT_DF; NO;      NO;   NO;           0;
aten::logit_backward;                                            YES; YES; YES; NO;       DT_DT; NO;      NO;   NO;           0;
aten::logit_backward.grad_input;                                 YES; YES; YES; NO;       DT_DF; NO;      NO;   NO;           0;
aten::logspace.out;                                              YES; YES; YES; NO;       DT_DF; NO;      NO;   NO;           0;
aten::lt.Scalar;                                                 YES; YES; YES; NO;       DT_DT; NO;      YES;  NO;           0;
aten::lt.Scalar_out;                                             YES; YES; YES; NO;       DT_DF; NO;      NO;   NO;           0;
aten::lt.Tensor;                                                 YES; YES; YES; NO;       DT_DT; NO;      YES;  NO;           0;
aten::lt.Tensor_out;                                             YES; YES; YES; NO;       DT_DF; NO;      NO;   NO;           0;
aten::lt_.Scalar;                                                YES; YES; YES; NO;       DT_DT; NO;      NO;   NO;           0;
aten::lt_.Tensor;                                                YES; YES; YES; NO;       DT_DT; NO;      NO;   NO;           0;
aten::lu_unpack;                                                 YES; YES; NO;  NO;       DT_DT; YES;     NO;   NO;           0;
aten::lu_unpack.out;                                             YES; YES; NO;  NO;       DT_DF; YES;     NO;   NO;           0;
aten::masked_fill_.Scalar;                                       YES; YES; YES; NO;       DT_DF; NO;      NO;   NO;           0;
aten::masked_fill_.Tensor;                                       YES; YES; YES; NO;       DT_DF; NO;      NO;   NO;           0;
aten::masked_scatter_;                                           YES; YES; YES; NO;       DT_DF; NO;      NO;   NO;           0;
aten::masked_select;                                             YES; YES; YES; NO;       DT_DF; NO;      NO;   NO;           0;
aten::masked_select.out;                                         YES; YES; YES; NO;       DT_DF; NO;      NO;   NO;           0;
aten::matmul;                                                    NO;  NO;  YES; NO;       DT_DT; NO;      YES;  NO;           0;
aten::max;                                                       YES; YES; YES; NO;       DT_DF; NO;      YES;  NO;           0;
aten::max.dim;                                                   YES; YES; YES; NO;       DT_DT; NO;      YES;  NO;           0;
aten::max.dim_max;                                               YES; YES; YES; NO;       DT_DF; NO;      NO;   NO;           0;
aten::max.unary_out;                                             YES; YES; NO;  NO;       DT_DF; YES;     NO;   NO;           0;
aten::max_pool2d_with_indices;                                   YES; YES; YES; NO;       DT_DT; NO;      NO;   NO;           0;
aten::max_pool2d_with_indices.out;                               YES; YES; YES; NO;       DT_DF; NO;      NO;   NO;           0;
aten::max_pool2d_with_indices_backward;                          YES; YES; YES; NO;       DT_DT; NO;      NO;   NO;           0;
aten::max_pool2d_with_indices_backward.grad_input;               YES; YES; YES; NO;       DT_DF; NO;      NO;   NO;           0;
aten::max_pool3d_with_indices;                                   YES; YES; YES; NO;       DT_DF; NO;      NO;   NO;           0;
aten::max_pool3d_with_indices.out;                               YES; YES; NO;  NO;       DT_DF; YES;     NO;   NO;           0;
aten::max_pool3d_with_indices_backward;                          YES; YES; YES; NO;       DT_DF; NO;      NO;   NO;           0;
aten::max_pool3d_with_indices_backward.grad_input;               YES; YES; NO;  NO;       DT_DF; YES;     NO;   NO;           0;
aten::max_unpool2d;                                              YES; YES; NO;  NO;       DT_DF; YES;     NO;   NO;           0;
aten::max_unpool2d.out;                                          YES; YES; NO;  NO;       DT_DF; YES;     NO;   NO;           0;
aten::max_unpool3d;                                              YES; YES; NO;  NO;       DT_DF; YES;     NO;   NO;           0;
aten::max_unpool3d.out;                                          YES; YES; NO;  NO;       DT_DF; YES;     NO;   NO;           0;
aten::maximum;                                                   YES; YES; YES; NO;       DT_DT; NO;      NO;   NO;           0;
aten::maximum.out;                                               YES; YES; YES; NO;       DT_DF; NO;      NO;   NO;           0;
aten::mean;                                                      NO;  NO;  YES; NO;       DT_DT; NO;      YES;  YES;          2; mnasnet1_0, shufflenet_v2_x1_0
aten::mean.dim;                                                  YES; YES; YES; NO;       DT_DT; NO;      YES;  NO;           0;
aten::mean.out;                                                  YES; YES; YES; NO;       DT_DF; NO;      NO;   NO;           0;
aten::median;                                                    YES; YES; YES; NO;       DT_DF; NO;      NO;   NO;           0;
aten::median.dim;                                                NO;  NO;  YES; NO;       DT_DT; NO;      NO;   NO;           0;
aten::median.dim_values;                                         YES; YES; YES; NO;       DT_DF; NO;      NO;   NO;           0;
aten::min;                                                       YES; YES; YES; NO;       DT_DF; NO;      YES;  NO;           0;
aten::min.dim;                                                   YES; YES; YES; NO;       DT_DT; NO;      YES;  NO;           0;
aten::min.dim_min;                                               YES; YES; YES; NO;       DT_DF; NO;      NO;   NO;           0;
aten::min.unary_out;                                             YES; YES; NO;  NO;       DT_DF; YES;     NO;   NO;           0;
aten::minimum;                                                   YES; YES; YES; NO;       DT_DT; NO;      NO;   NO;           0;
aten::minimum.out;                                               YES; YES; YES; NO;       DT_DF; NO;      NO;   NO;           0;
aten::miopen_batch_norm;                                         NO;  YES; NO;  NO;       DT_DF; YES;     NO;   NO;           0;
aten::miopen_batch_norm_backward;                                NO;  YES; NO;  NO;       DT_DF; YES;     NO;   NO;           0;
aten::miopen_convolution;                                        NO;  YES; NO;  NO;       DT_DF; YES;     NO;   NO;           0;
aten::miopen_convolution_add_relu;                               NO;  YES; NO;  NO;       DT_DF; YES;     NO;   NO;           0;
aten::miopen_convolution_relu;                                   NO;  YES; NO;  NO;       DT_DF; YES;     NO;   NO;           0;
aten::miopen_convolution_transpose;                              NO;  YES; NO;  NO;       DT_DF; YES;     NO;   NO;           0;
aten::miopen_depthwise_convolution;                              NO;  YES; NO;  NO;       DT_DF; YES;     NO;   NO;           0;
aten::miopen_rnn;                                                NO;  YES; NO;  NO;       DT_DF; YES;     NO;   NO;           0;
aten::miopen_rnn_backward;                                       NO;  YES; NO;  NO;       DT_DF; YES;     NO;   NO;           0;
aten::mish;                                                      YES; YES; YES; NO;       DT_DT; NO;      NO;   NO;           0;
aten::mish.out;                                                  YES; YES; YES; NO;       DT_DF; NO;      NO;   NO;           0;
aten::mish_;                                                     YES; YES; YES; NO;       DT_DT; NO;      NO;   NO;           0;
aten::mish_backward;                                             YES; YES; YES; NO;       DT_DT; NO;      NO;   NO;           0;
aten::mkldnn_rnn_layer;                                          YES; NO;  NO;  NO;       DT_DF; NO;      NO;   NO;           0;
aten::mkldnn_rnn_layer_backward;                                 YES; NO;  NO;  NO;       DT_DF; NO;      NO;   NO;           0;
aten::mm;                                                        YES; YES; YES; NO;       DT_DT; NO;      NO;   NO;           0;
aten::mm.out;                                                    YES; YES; YES; NO;       DT_DF; NO;      NO;   NO;           0;
aten::mode;                                                      YES; YES; NO;  NO;       DT_DF; YES;     NO;   NO;           0;
aten::mse_loss;                                                  YES; YES; YES; NO;       DT_DT; NO;      NO;   YES;          2; dlrm_a, dlrm_github
aten::mse_loss.out;                                              YES; YES; YES; NO;       DT_DF; NO;      NO;   NO;           0;
aten::mse_loss_backward;                                         YES; YES; YES; NO;       DT_DF; NO;      NO;   NO;           0;
aten::mse_loss_backward.grad_input;                              YES; YES; YES; NO;       DT_DF; NO;      NO;   NO;           0;
aten::mul.Scalar;                                                NO;  NO;  YES; NO;       DT_DT; NO;      YES;  NO;           0;
aten::mul.Scalar_out;                                            NO;  NO;  YES; NO;       DT_DT; NO;      NO;   NO;           0;
aten::mul.Tensor;                                                YES; YES; YES; NO;       DT_DT; NO;      YES;  YES;          2; googlenet, inception_v3
aten::mul.out;                                                   YES; YES; YES; NO;       DT_DF; NO;      NO;   NO;           0;
aten::mul_.Scalar;                                               NO;  NO;  YES; NO;       DT_DT; NO;      NO;   NO;           0;
aten::mul_.Tensor;                                               YES; YES; YES; NO;       DT_DT; NO;      YES;  NO;           0;
aten::multi_margin_loss;                                         YES; YES; NO;  NO;       DT_DF; YES;     NO;   NO;           0;
aten::multi_margin_loss.out;                                     YES; YES; NO;  NO;       DT_DF; YES;     NO;   NO;           0;
aten::multi_margin_loss_backward;                                YES; YES; NO;  NO;       DT_DF; YES;     NO;   NO;           0;
aten::multi_margin_loss_backward.grad_input;                     YES; YES; NO;  NO;       DT_DF; YES;     NO;   NO;           0;
aten::multilabel_margin_loss_backward;                           YES; YES; NO;  NO;       DT_DF; YES;     NO;   NO;           0;
aten::multilabel_margin_loss_backward.grad_input;                YES; YES; NO;  NO;       DT_DF; YES;     NO;   NO;           0;
aten::multilabel_margin_loss_forward;                            YES; YES; NO;  NO;       DT_DF; YES;     NO;   NO;           0;
aten::multilabel_margin_loss_forward.output;                     YES; YES; NO;  NO;       DT_DF; YES;     NO;   NO;           0;
aten::multinomial;                                               YES; YES; YES; NO;       DT_DF; NO;      NO;   NO;           0;
aten::multinomial.out;                                           YES; YES; YES; NO;       DT_DF; NO;      NO;   NO;           0;
aten::mv;                                                        NO;  NO;  YES; NO;       DT_DT; NO;      NO;   NO;           0;
aten::mv.out;                                                    NO;  NO;  YES; NO;       DT_DT; NO;      NO;   NO;           0;
aten::mvlgamma.out;                                              YES; YES; NO;  NO;       DT_DF; YES;     NO;   NO;           0;
aten::nan_to_num;                                                NO;  NO;  YES; NO;       DT_DT; NO;      NO;   NO;           0;
aten::nan_to_num.out;                                            YES; YES; YES; NO;       DT_DF; NO;      NO;   NO;           0;
aten::nan_to_num_;                                               NO;  NO;  YES; NO;       DT_DT; NO;      NO;   NO;           0;
aten::nanmedian;                                                 YES; YES; NO;  NO;       DT_DF; YES;     NO;   NO;           0;
aten::nanmedian.dim_values;                                      YES; YES; NO;  NO;       DT_DF; YES;     NO;   NO;           0;
aten::nansum;                                                    YES; YES; YES; NO;       DT_DF; NO;      NO;   NO;           0;
aten::nansum.out;                                                YES; YES; YES; NO;       DT_DF; NO;      NO;   NO;           0;
aten::narrow_copy;                                               YES; NO;  NO;  NO;       DT_DT; NO;      NO;   NO;           0;
aten::narrow_copy.out;                                           YES; NO;  NO;  NO;       DT_DF; NO;      NO;   NO;           0;
aten::native_batch_norm;                                         YES; YES; YES; NO;       DT_DF; NO;      NO;   NO;           0;
aten::native_batch_norm.out;                                     YES; YES; NO;  NO;       DT_DF; YES;     NO;   NO;           0;
aten::native_batch_norm_backward;                                YES; YES; YES; NO;       DT_DF; NO;      NO;   NO;           0;
aten::native_channel_shuffle;                                    YES; NO;  NO;  NO;       DT_DT; NO;      NO;   NO;           0;
aten::native_dropout;                                            YES; YES; NO;  NO;       DT_DF; YES;     NO;   NO;           0;
aten::native_dropout_backward;                                   YES; YES; NO;  NO;       DT_DF; YES;     NO;   NO;           0;
aten::native_group_norm;                                         YES; YES; NO;  NO;       DT_DT; YES;     NO;   NO;           0;
aten::native_group_norm_backward;                                YES; YES; YES; NO;       DT_DF; NO;      NO;   NO;           0;
aten::native_layer_norm;                                         YES; YES; YES; NO;       DT_DT; NO;      NO;   NO;           0;
aten::native_layer_norm_backward;                                YES; YES; YES; NO;       DT_DF; NO;      NO;   NO;           0;
aten::ne.Scalar;                                                 YES; YES; YES; NO;       DT_DT; NO;      YES;  NO;           0;
aten::ne.Scalar_out;                                             YES; YES; YES; NO;       DT_DF; NO;      NO;   NO;           0;
aten::ne.Tensor;                                                 YES; YES; YES; NO;       DT_DT; NO;      YES;  NO;           0;
aten::ne.Tensor_out;                                             YES; YES; YES; NO;       DT_DF; NO;      NO;   NO;           0;
aten::ne_.Scalar;                                                YES; YES; YES; NO;       DT_DT; NO;      NO;   NO;           0;
aten::ne_.Tensor;                                                YES; YES; YES; NO;       DT_DT; NO;      NO;   NO;           0;
aten::neg;                                                       YES; YES; YES; NO;       DT_DT; NO;      YES;  NO;           0;
aten::neg.out;                                                   YES; YES; YES; NO;       DT_DF; NO;      NO;   NO;           0;
aten::neg_;                                                      YES; YES; YES; NO;       DT_DT; NO;      NO;   NO;           0;
aten::new_zeros;                                                 NO;  NO;  YES; NO;       DT_DT; NO;      NO;   NO;           0;
aten::nextafter;                                                 YES; YES; YES; NO;       DT_DT; NO;      NO;   NO;           0;
aten::nextafter.out;                                             YES; YES; YES; NO;       DT_DF; NO;      NO;   NO;           0;
aten::nextafter_;                                                YES; YES; YES; NO;       DT_DT; NO;      NO;   NO;           0;
aten::nll_loss2d_backward;                                       YES; YES; YES; NO;       DT_DF; NO;      NO;   NO;           0;
aten::nll_loss2d_backward.grad_input;                            YES; YES; YES; NO;       DT_DF; NO;      NO;   NO;           0;
aten::nll_loss2d_forward;                                        YES; YES; YES; NO;       DT_DF; NO;      NO;   NO;           0;
aten::nll_loss2d_forward.output;                                 YES; YES; YES; NO;       DT_DF; NO;      NO;   NO;           0;
aten::nll_loss_backward;                                         YES; YES; YES; NO;       DT_DT; NO;      NO;   NO;           0;
aten::nll_loss_backward.grad_input;                              YES; YES; YES; NO;       DT_DF; NO;      NO;   NO;           0;
aten::nll_loss_forward;                                          YES; YES; YES; NO;       DT_DT; NO;      NO;   NO;           0;
aten::nll_loss_forward.output;                                   YES; YES; YES; NO;       DT_DF; NO;      NO;   NO;           0;
aten::nonzero;                                                   YES; YES; YES; NO;       DT_DF; NO;      NO;   NO;           0;
aten::nonzero.out;                                               YES; YES; YES; NO;       DT_DF; NO;      NO;   NO;           0;
aten::nonzero_static;                                            YES; NO;  NO;  NO;       DT_DF; NO;      NO;   NO;           0;
aten::nonzero_static.out;                                        YES; NO;  NO;  NO;       DT_DF; NO;      NO;   NO;           0;
aten::norm.Scalar;                                               NO;  NO;  YES; NO;       DT_DT; NO;      NO;   NO;           0;
aten::norm.ScalarOpt_dim;                                        YES; YES; YES; NO;       DT_DT; NO;      YES;  NO;           0;
aten::norm.ScalarOpt_dim_dtype;                                  YES; YES; YES; NO;       DT_DT; NO;      NO;   NO;           0;
aten::norm.ScalarOpt_dtype;                                      NO;  NO;  YES; NO;       DT_DT; NO;      NO;   NO;           0;
aten::norm.dtype_out;                                            YES; YES; YES; NO;       DT_DF; NO;      NO;   NO;           0;
aten::norm.out;                                                  YES; YES; YES; NO;       DT_DF; NO;      NO;   NO;           0;
aten::normal.Tensor_Tensor;                                      YES; YES; NO;  NO;       DT_DF; YES;     NO;   NO;           0;
aten::normal.Tensor_Tensor_out;                                  YES; YES; NO;  NO;       DT_DF; YES;     NO;   NO;           0;
aten::normal.Tensor_float;                                       YES; YES; NO;  NO;       DT_DF; YES;     NO;   NO;           0;
aten::normal.Tensor_float_out;                                   YES; YES; NO;  NO;       DT_DF; YES;     NO;   NO;           0;
aten::normal.float_Tensor;                                       YES; YES; NO;  NO;       DT_DF; YES;     NO;   NO;           0;
aten::normal.float_Tensor_out;                                   YES; YES; NO;  NO;       DT_DF; YES;     NO;   NO;           0;
aten::normal_;                                                   YES; YES; YES; NO;       DT_DF; NO;      NO;   NO;           0;
aten::one_hot;                                                   NO;  NO;  YES; YES;      DF_DT; NO;      NO;   NO;           0;
aten::ormqr;                                                     YES; YES; NO;  NO;       DT_DF; YES;     NO;   NO;           0;
aten::ormqr.out;                                                 YES; YES; NO;  NO;       DT_DF; YES;     NO;   NO;           0;
aten::permute;                                                   NO;  NO;  YES; NO;       DT_DT; NO;      YES;  NO;           0;
aten::pin_memory;                                                NO;  NO;  YES; YES;      DF_DT; NO;      NO;   NO;           0;
aten::pixel_shuffle;                                             YES; NO;  NO;  NO;       DT_DT; NO;      YES;  NO;           0;
aten::pixel_unshuffle;                                           YES; NO;  NO;  NO;       DT_DT; NO;      NO;   NO;           0;
aten::poisson;                                                   YES; YES; YES; NO;       DT_DF; NO;      NO;   NO;           0;
aten::polar.out;                                                 YES; YES; NO;  NO;       DT_DF; YES;     NO;   NO;           0;
aten::polygamma;                                                 YES; YES; NO;  NO;       DT_DT; YES;     NO;   NO;           0;
aten::polygamma.out;                                             YES; YES; NO;  NO;       DT_DF; YES;     NO;   NO;           0;
aten::pow.Scalar;                                                YES; YES; YES; NO;       DT_DT; NO;      NO;   NO;           0;
aten::pow.Scalar_out;                                            YES; YES; YES; NO;       DT_DF; NO;      NO;   NO;           0;
aten::pow.Tensor_Scalar;                                         YES; YES; YES; NO;       DT_DT; NO;      YES;  NO;           0;
aten::pow.Tensor_Scalar_out;                                     YES; YES; YES; NO;       DT_DF; NO;      NO;   NO;           0;
aten::pow.Tensor_Tensor;                                         YES; YES; YES; NO;       DT_DT; NO;      YES;  NO;           0;
aten::pow.Tensor_Tensor_out;                                     YES; YES; YES; NO;       DT_DF; NO;      NO;   NO;           0;
aten::pow_.Scalar;                                               YES; YES; YES; NO;       DT_DT; NO;      NO;   NO;           0;
aten::pow_.Tensor;                                               YES; YES; YES; NO;       DT_DT; NO;      NO;   NO;           0;
aten::prod;                                                      YES; YES; YES; NO;       DT_DF; NO;      YES;  NO;           0;
aten::prod.dim_int;                                              YES; YES; YES; NO;       DT_DT; NO;      YES;  NO;           0;
aten::prod.int_out;                                              YES; YES; YES; NO;       DT_DF; NO;      NO;   NO;           0;
aten::put_;                                                      YES; YES; NO;  NO;       DT_DF; YES;     NO;   NO;           0;
aten::quantize_per_channel;                                      YES; YES; NO;  NO;       DT_DF; YES;     NO;   NO;           0;
aten::quantize_per_tensor;                                       YES; YES; NO;  NO;       DT_DF; YES;     NO;   NO;           0;
aten::quantize_per_tensor.tensor_qparams;                        YES; YES; NO;  NO;       DT_DF; YES;     NO;   NO;           0;
aten::quantize_per_tensor.tensors;                               YES; NO;  NO;  NO;       DT_DF; NO;      NO;   NO;           0;
aten::quantize_per_tensor_dynamic;                               YES; YES; NO;  NO;       DT_DF; YES;     NO;   NO;           0;
aten::quantized_gru.data;                                        YES; NO;  NO;  NA;       NA;    NO;      NO;   NO;           0;
aten::quantized_gru.data_legacy;                                 YES; NO;  NO;  NA;       NA;    NO;      NO;   NO;           0;
aten::quantized_gru.input;                                       YES; NO;  NO;  NA;       NA;    NO;      NO;   NO;           0;
aten::quantized_gru.input_legacy;                                YES; NO;  NO;  NA;       NA;    NO;      NO;   NO;           0;
aten::quantized_lstm.data;                                       YES; NO;  NO;  NA;       NA;    NO;      NO;   NO;           0;
aten::quantized_lstm.data_legacy;                                YES; NO;  NO;  NA;       NA;    NO;      NO;   NO;           0;
aten::quantized_lstm.input;                                      YES; NO;  NO;  NA;       NA;    NO;      NO;   NO;           0;
aten::quantized_lstm.input_legacy;                               YES; NO;  NO;  NA;       NA;    NO;      NO;   NO;           0;
aten::random_;                                                   YES; YES; YES; NO;       DT_DF; NO;      NO;   NO;           0;
aten::random_.from;                                              YES; YES; YES; NO;       DT_DF; NO;      NO;   NO;           0;
aten::random_.to;                                                YES; YES; YES; NO;       DT_DF; NO;      NO;   NO;           0;
aten::randperm.generator_out;                                    YES; YES; YES; NO;       DT_DF; NO;      NO;   NO;           0;
aten::range.out;                                                 YES; YES; NO;  NO;       DT_DF; YES;     NO;   NO;           0;
aten::reciprocal;                                                YES; YES; YES; NO;       DT_DT; NO;      YES;  NO;           0;
aten::reciprocal.out;                                            YES; YES; YES; NO;       DT_DF; NO;      NO;   NO;           0;
aten::reciprocal_;                                               YES; YES; YES; NO;       DT_DT; NO;      NO;   NO;           0;
aten::record_stream;                                             NO;  YES; NO;  NO;       DT_DF; YES;     NO;   NO;           0;
aten::reflection_pad1d;                                          YES; YES; YES; NO;       DT_DT; NO;      YES;  NO;           0;
aten::reflection_pad1d.out;                                      YES; YES; YES; NO;       DT_DF; NO;      NO;   NO;           0;
aten::reflection_pad1d_backward;                                 YES; YES; YES; NO;       DT_DT; NO;      NO;   NO;           0;
aten::reflection_pad1d_backward.grad_input;                      YES; YES; YES; NO;       DT_DF; NO;      NO;   NO;           0;
aten::reflection_pad2d;                                          YES; YES; YES; NO;       DT_DF; NO;      YES;  NO;           0;
aten::reflection_pad2d.out;                                      YES; YES; YES; NO;       DT_DF; NO;      NO;   NO;           0;
aten::reflection_pad2d_backward;                                 YES; YES; YES; NO;       DT_DF; NO;      NO;   NO;           0;
aten::reflection_pad2d_backward.grad_input;                      YES; YES; YES; NO;       DT_DF; NO;      NO;   NO;           0;
aten::reflection_pad3d;                                          YES; YES; YES; NO;       DT_DT; NO;      NO;   NO;           0;
aten::reflection_pad3d.out;                                      YES; YES; YES; NO;       DT_DF; NO;      NO;   NO;           0;
aten::reflection_pad3d_backward;                                 YES; YES; YES; NO;       DT_DT; NO;      NO;   NO;           0;
aten::reflection_pad3d_backward.grad_input;                      YES; YES; YES; NO;       DT_DF; NO;      NO;   NO;           0;
aten::relu;                                                      YES; YES; YES; NO;       DT_DF; NO;      YES;  YES;         16; alexnet, densenet161, dlrm_a, dlrm_github, googlenet, inception_v3, mnasnet1_0, r3d_18, resnet18, resnet50, resnext50_32x4d, shufflenet_v2_x1_0, squeezenet1_0, unet3d, vgg16, wide_resnet50_2
aten::relu.out;                                                  NO;  NO;  YES; NO;       DT_DT; NO;      NO;   NO;           0;
aten::relu_;                                                     YES; YES; YES; NO;       DT_DF; NO;      YES;  NO;           0;
aten::remainder.Scalar;                                          NO;  NO;  YES; NO;       DT_DT; NO;      NO;   NO;           0;
aten::remainder.Scalar_Tensor;                                   YES; YES; YES; NO;       DT_DF; NO;      NO;   NO;           0;
aten::remainder.Scalar_out;                                      NO;  NO;  YES; NO;       DT_DT; NO;      NO;   NO;           0;
aten::remainder.Tensor;                                          YES; YES; YES; NO;       DT_DT; NO;      NO;   NO;           0;
aten::remainder.Tensor_out;                                      YES; YES; YES; NO;       DT_DF; NO;      NO;   NO;           0;
aten::remainder_.Scalar;                                         NO;  NO;  YES; NO;       DT_DT; NO;      NO;   NO;           0;
aten::remainder_.Tensor;                                         YES; YES; YES; NO;       DT_DT; NO;      NO;   NO;           0;
aten::renorm;                                                    YES; YES; NO;  NO;       DT_DT; YES;     NO;   NO;           0;
aten::renorm.out;                                                YES; YES; NO;  NO;       DT_DF; YES;     NO;   NO;           0;
aten::renorm_;                                                   YES; YES; NO;  NO;       DT_DT; YES;     NO;   NO;           0;
aten::repeat;                                                    NO;  NO;  YES; NO;       DT_DT; NO;      YES;  NO;           0;
aten::repeat_interleave.Tensor;                                  YES; YES; YES; NO;       DT_DF; NO;      NO;   NO;           0;
aten::replication_pad1d;                                         YES; YES; YES; NO;       DT_DT; NO;      YES;  NO;           0;
aten::replication_pad1d.out;                                     YES; YES; YES; NO;       DT_DF; NO;      NO;   NO;           0;
aten::replication_pad1d_backward;                                YES; YES; YES; NO;       DT_DT; NO;      NO;   NO;           0;
aten::replication_pad1d_backward.grad_input;                     YES; YES; YES; NO;       DT_DF; NO;      NO;   NO;           0;
aten::replication_pad2d;                                         YES; YES; YES; NO;       DT_DT; NO;      YES;  NO;           0;
aten::replication_pad2d.out;                                     YES; YES; YES; NO;       DT_DF; NO;      NO;   NO;           0;
aten::replication_pad2d_backward;                                YES; YES; YES; NO;       DT_DF; NO;      NO;   NO;           0;
aten::replication_pad2d_backward.grad_input;                     YES; YES; YES; NO;       DT_DF; NO;      NO;   NO;           0;
aten::replication_pad3d;                                         YES; YES; YES; NO;       DT_DT; NO;      YES;  NO;           0;
aten::replication_pad3d.out;                                     YES; YES; YES; NO;       DT_DF; NO;      NO;   NO;           0;
aten::replication_pad3d_backward;                                YES; YES; YES; NO;       DT_DF; NO;      NO;   NO;           0;
aten::replication_pad3d_backward.grad_input;                     YES; YES; YES; NO;       DT_DF; NO;      NO;   NO;           0;
aten::resize_;                                                   YES; YES; YES; NO;       DT_DF; NO;      NO;   NO;           0;
aten::roll;                                                      YES; YES; YES; NO;       DT_DF; NO;      YES;  NO;           0;
aten::round;                                                     YES; YES; YES; NO;       DT_DT; NO;      NO;   NO;           0;
aten::round.decimals;                                            YES; YES; YES; NO;       DT_DT; NO;      NO;   NO;           0;
aten::round.decimals_out;                                        YES; YES; YES; NO;       DT_DF; NO;      NO;   NO;           0;
aten::round.out;                                                 YES; YES; YES; NO;       DT_DF; NO;      NO;   NO;           0;
aten::round_;                                                    YES; YES; YES; NO;       DT_DT; NO;      NO;   NO;           0;
aten::round_.decimals;                                           YES; YES; YES; NO;       DT_DT; NO;      NO;   NO;           0;
aten::rrelu_with_noise;                                          YES; YES; YES; NO;       DT_DF; NO;      NO;   NO;           0;
aten::rrelu_with_noise.out;                                      YES; YES; YES; NO;       DT_DF; NO;      NO;   NO;           0;
aten::rrelu_with_noise_;                                         YES; YES; YES; NO;       DT_DF; NO;      NO;   NO;           0;
aten::rrelu_with_noise_backward;                                 NO;  NO;  YES; NO;       DT_DT; NO;      NO;   NO;           0;
aten::rsqrt;                                                     YES; YES; YES; NO;       DT_DT; NO;      NO;   NO;           0;
aten::rsqrt.out;                                                 YES; YES; YES; NO;       DT_DF; NO;      NO;   NO;           0;
aten::rsqrt_;                                                    YES; YES; YES; NO;       DT_DT; NO;      NO;   NO;           0;
aten::rsub.Scalar;                                               NO;  NO;  YES; NO;       DT_DT; NO;      YES;  NO;           0;
aten::rsub.Tensor;                                               YES; YES; YES; NO;       DT_DF; NO;      YES;  NO;           0;
aten::scalar_tensor;                                             NO;  NO;  YES; NO;       DT_DT; NO;      NO;   NO;           0;
aten::scatter.reduce;                                            YES; YES; NO;  NO;       DT_DT; YES;     NO;   NO;           0;
aten::scatter.reduce_out;                                        YES; YES; NO;  NO;       DT_DF; YES;     NO;   NO;           0;
aten::scatter.src;                                               YES; YES; YES; NO;       DT_DT; NO;      YES;  NO;           0;
aten::scatter.src_out;                                           YES; YES; YES; NO;       DT_DF; NO;      NO;   NO;           0;
aten::scatter.value;                                             YES; YES; YES; NO;       DT_DT; NO;      YES;  NO;           0;
aten::scatter.value_out;                                         YES; YES; YES; NO;       DT_DF; NO;      NO;   NO;           0;
aten::scatter.value_reduce;                                      YES; YES; NO;  NO;       DT_DT; YES;     NO;   NO;           0;
aten::scatter.value_reduce_out;                                  YES; YES; NO;  NO;       DT_DF; YES;     NO;   NO;           0;
aten::scatter_.reduce;                                           YES; YES; NO;  NO;       DT_DT; YES;     NO;   NO;           0;
aten::scatter_.src;                                              YES; YES; YES; NO;       DT_DT; NO;      NO;   NO;           0;
aten::scatter_.value;                                            YES; YES; YES; NO;       DT_DT; NO;      NO;   NO;           0;
aten::scatter_.value_reduce;                                     YES; YES; NO;  NO;       DT_DT; YES;     NO;   NO;           0;
aten::scatter_add;                                               YES; YES; YES; NO;       DT_DT; NO;      NO;   NO;           0;
aten::scatter_add.out;                                           YES; YES; NO;  NO;       DT_DF; YES;     NO;   NO;           0;
aten::scatter_add_;                                              YES; YES; YES; NO;       DT_DT; NO;      NO;   NO;           0;
aten::scatter_reduce.two;                                        YES; YES; YES; NO;       DT_DT; NO;      NO;   NO;           0;
aten::scatter_reduce.two_out;                                    YES; YES; YES; NO;       DT_DF; NO;      NO;   NO;           0;
aten::scatter_reduce_.two;                                       YES; YES; YES; NO;       DT_DT; NO;      NO;   NO;           0;
aten::searchsorted.Scalar;                                       YES; YES; YES; NO;       DT_DF; NO;      NO;   NO;           0;
aten::searchsorted.Scalar_out;                                   YES; YES; NO;  NO;       DT_DF; YES;     NO;   NO;           0;
aten::searchsorted.Tensor;                                       YES; YES; YES; NO;       DT_DF; NO;      NO;   NO;           0;
aten::searchsorted.Tensor_out;                                   YES; YES; YES; NO;       DT_DF; NO;      NO;   NO;           0;
aten::segment_reduce;                                            YES; YES; NO;  NO;       DT_DF; YES;     NO;   NO;           0;
aten::select.int;                                                NO;  NO;  YES; NO;       DT_DT; NO;      YES;  NO;           0;
aten::select_backward;                                           NO;  NO;  YES; NO;       DT_DT; NO;      NO;   NO;           0;
aten::set_;                                                      YES; YES; YES; NO;       DT_DF; NO;      NO;   NO;           0;
aten::set_.source_Storage;                                       YES; YES; YES; NO;       DT_DF; NO;      NO;   NO;           0;
aten::set_.source_Storage_storage_offset;                        YES; YES; YES; NO;       DT_DF; NO;      NO;   NO;           0;
aten::set_.source_Tensor;                                        YES; YES; YES; NO;       DT_DF; NO;      NO;   NO;           0;
aten::sgn;                                                       YES; YES; YES; NO;       DT_DT; NO;      NO;   NO;           0;
aten::sgn.out;                                                   YES; YES; YES; NO;       DT_DF; NO;      NO;   NO;           0;
aten::sgn_;                                                      YES; YES; YES; NO;       DT_DT; NO;      NO;   NO;           0;
aten::sigmoid;                                                   YES; YES; YES; NO;       DT_DT; NO;      YES;  YES;          2; dlrm_a, dlrm_github
aten::sigmoid.out;                                               YES; YES; YES; NO;       DT_DF; NO;      NO;   NO;           0;
aten::sigmoid_;                                                  YES; YES; YES; NO;       DT_DT; NO;      YES;  NO;           0;
aten::sigmoid_backward;                                          YES; YES; YES; NO;       DT_DT; NO;      NO;   NO;           0;
aten::sigmoid_backward.grad_input;                               YES; YES; YES; NO;       DT_DF; NO;      NO;   NO;           0;
aten::sign;                                                      YES; YES; YES; NO;       DT_DT; NO;      NO;   NO;           0;
aten::sign.out;                                                  YES; YES; YES; NO;       DT_DF; NO;      NO;   NO;           0;
aten::sign_;                                                     YES; YES; YES; NO;       DT_DT; NO;      NO;   NO;           0;
aten::signbit;                                                   YES; YES; YES; NO;       DT_DT; NO;      NO;   NO;           0;
aten::signbit.out;                                               YES; YES; YES; NO;       DT_DF; NO;      NO;   NO;           0;
aten::silu;                                                      YES; YES; YES; NO;       DT_DT; NO;      NO;   NO;           0;
aten::silu.out;                                                  YES; YES; YES; NO;       DT_DF; NO;      NO;   NO;           0;
aten::silu_;                                                     YES; YES; YES; NO;       DT_DT; NO;      NO;   NO;           0;
aten::silu_backward;                                             YES; YES; NO;  NO;       DT_DT; YES;     NO;   NO;           0;
aten::silu_backward.grad_input;                                  YES; YES; YES; NO;       DT_DF; NO;      NO;   NO;           0;
aten::sin;                                                       YES; YES; YES; NO;       DT_DT; NO;      YES;  NO;           0;
aten::sin.out;                                                   YES; YES; YES; NO;       DT_DF; NO;      NO;   NO;           0;
aten::sin_;                                                      YES; YES; YES; NO;       DT_DT; NO;      NO;   NO;           0;
aten::sinc;                                                      YES; YES; YES; NO;       DT_DT; NO;      NO;   NO;           0;
aten::sinc.out;                                                  YES; YES; YES; NO;       DT_DF; NO;      NO;   NO;           0;
aten::sinc_;                                                     YES; YES; YES; NO;       DT_DT; NO;      NO;   NO;           0;
aten::sinh;                                                      YES; YES; YES; NO;       DT_DT; NO;      YES;  NO;           0;
aten::sinh.out;                                                  YES; YES; YES; NO;       DT_DF; NO;      NO;   NO;           0;
aten::sinh_;                                                     YES; YES; YES; NO;       DT_DT; NO;      NO;   NO;           0;
aten::slice.Tensor;                                              NO;  NO;  YES; NO;       DT_DT; NO;      YES;  YES;          3; dlrm_github, googlenet, inception_v3
aten::slice_backward;                                            NO;  NO;  YES; NO;       DT_DT; NO;      NO;   NO;           0;
aten::slow_conv3d_forward;                                       YES; NO;  NO;  NO;       DT_DF; NO;      NO;   NO;           0;
aten::slow_conv3d_forward.output;                                YES; NO;  NO;  NO;       DT_DF; NO;      NO;   NO;           0;
aten::slow_conv_dilated2d;                                       YES; YES; NO;  NO;       DT_DF; YES;     NO;   NO;           0;
aten::slow_conv_dilated3d;                                       YES; YES; NO;  NO;       DT_DF; YES;     NO;   NO;           0;
aten::slow_conv_transpose2d;                                     YES; YES; NO;  NO;       DT_DT; YES;     NO;   NO;           0;
aten::slow_conv_transpose2d.out;                                 YES; YES; NO;  NO;       DT_DF; YES;     NO;   NO;           0;
aten::slow_conv_transpose3d;                                     YES; YES; NO;  NO;       DT_DF; YES;     NO;   NO;           0;
aten::slow_conv_transpose3d.out;                                 YES; YES; NO;  NO;       DT_DF; YES;     NO;   NO;           0;
aten::smooth_l1_loss;                                            YES; YES; YES; NO;       DT_DT; NO;      NO;   NO;           0;
aten::smooth_l1_loss.out;                                        YES; YES; YES; NO;       DT_DF; NO;      NO;   NO;           0;
aten::smooth_l1_loss_backward;                                   NO;  NO;  YES; NO;       DT_DT; NO;      NO;   NO;           0;
aten::smooth_l1_loss_backward.grad_input;                        YES; YES; YES; NO;       DT_DF; NO;      NO;   NO;           0;
aten::softmax.int;                                               NO;  NO;  YES; YES;      DF_DT; NO;      YES;  NO;           0;
aten::softplus;                                                  YES; YES; YES; NO;       DT_DT; NO;      NO;   NO;           0;
aten::softplus.out;                                              YES; YES; YES; NO;       DT_DF; NO;      NO;   NO;           0;
aten::softplus_backward;                                         YES; YES; YES; NO;       DT_DT; NO;      NO;   NO;           0;
aten::softplus_backward.grad_input;                              YES; YES; YES; NO;       DT_DF; NO;      NO;   NO;           0;
aten::softshrink;                                                YES; YES; YES; NO;       DT_DT; NO;      NO;   NO;           0;
aten::softshrink.out;                                            YES; YES; YES; NO;       DT_DF; NO;      NO;   NO;           0;
aten::softshrink_backward;                                       YES; YES; YES; NO;       DT_DT; NO;      NO;   NO;           0;
aten::softshrink_backward.grad_input;                            YES; YES; YES; NO;       DT_DF; NO;      NO;   NO;           0;
aten::sort;                                                      NO;  NO;  YES; NO;       DT_DT; NO;      NO;   NO;           0;
aten::sort.stable;                                               YES; YES; NO;  NO;       DT_DT; YES;     NO;   NO;           0;
aten::sort.values_stable;                                        YES; YES; YES; NO;       DT_DF; NO;      NO;   NO;           0;
aten::sparse_dim;                                                YES; YES; NO;  NO;       DT_DF; YES;     NO;   NO;           0;
aten::special_airy_ai;                                           YES; YES; NO;  NO;       DT_DT; YES;     NO;   NO;           0;
aten::special_airy_ai.out;                                       YES; YES; NO;  NO;       DT_DF; YES;     NO;   NO;           0;
aten::special_bessel_j0;                                         YES; YES; NO;  NO;       DT_DT; YES;     NO;   NO;           0;
aten::special_bessel_j0.out;                                     YES; YES; NO;  NO;       DT_DF; YES;     NO;   NO;           0;
aten::special_bessel_j1;                                         YES; YES; NO;  NO;       DT_DT; YES;     NO;   NO;           0;
aten::special_bessel_j1.out;                                     YES; YES; NO;  NO;       DT_DF; YES;     NO;   NO;           0;
aten::special_bessel_y0;                                         YES; YES; NO;  NO;       DT_DT; YES;     NO;   NO;           0;
aten::special_bessel_y0.out;                                     YES; YES; NO;  NO;       DT_DF; YES;     NO;   NO;           0;
aten::special_bessel_y1;                                         YES; YES; NO;  NO;       DT_DT; YES;     NO;   NO;           0;
aten::special_bessel_y1.out;                                     YES; YES; NO;  NO;       DT_DF; YES;     NO;   NO;           0;
aten::special_chebyshev_polynomial_t;                            YES; YES; NO;  NO;       DT_DT; YES;     NO;   NO;           0;
aten::special_chebyshev_polynomial_t.out;                        YES; YES; NO;  NO;       DT_DF; YES;     NO;   NO;           0;
aten::special_chebyshev_polynomial_u;                            YES; YES; NO;  NO;       DT_DT; YES;     NO;   NO;           0;
aten::special_chebyshev_polynomial_u.out;                        YES; YES; NO;  NO;       DT_DF; YES;     NO;   NO;           0;
aten::special_chebyshev_polynomial_v;                            YES; YES; NO;  NO;       DT_DT; YES;     NO;   NO;           0;
aten::special_chebyshev_polynomial_v.out;                        YES; YES; NO;  NO;       DT_DF; YES;     NO;   NO;           0;
aten::special_chebyshev_polynomial_w;                            YES; YES; NO;  NO;       DT_DT; YES;     NO;   NO;           0;
aten::special_chebyshev_polynomial_w.out;                        YES; YES; NO;  NO;       DT_DF; YES;     NO;   NO;           0;
aten::special_entr;                                              YES; YES; YES; NO;       DT_DT; NO;      NO;   NO;           0;
aten::special_entr.out;                                          YES; YES; YES; NO;       DT_DF; NO;      NO;   NO;           0;
aten::special_erfcx;                                             YES; YES; NO;  NO;       DT_DT; YES;     NO;   NO;           0;
aten::special_erfcx.out;                                         YES; YES; NO;  NO;       DT_DF; YES;     NO;   NO;           0;
aten::special_hermite_polynomial_h;                              YES; YES; NO;  NO;       DT_DT; YES;     NO;   NO;           0;
aten::special_hermite_polynomial_h.out;                          YES; YES; NO;  NO;       DT_DF; YES;     NO;   NO;           0;
aten::special_hermite_polynomial_he;                             YES; YES; NO;  NO;       DT_DT; YES;     NO;   NO;           0;
aten::special_hermite_polynomial_he.out;                         YES; YES; NO;  NO;       DT_DF; YES;     NO;   NO;           0;
aten::special_i0e;                                               YES; YES; NO;  NO;       DT_DT; YES;     NO;   NO;           0;
aten::special_i0e.out;                                           YES; YES; NO;  NO;       DT_DF; YES;     NO;   NO;           0;
aten::special_i1;                                                YES; YES; NO;  NO;       DT_DT; YES;     NO;   NO;           0;
aten::special_i1.out;                                            YES; YES; NO;  NO;       DT_DF; YES;     NO;   NO;           0;
aten::special_i1e;                                               YES; YES; NO;  NO;       DT_DT; YES;     NO;   NO;           0;
aten::special_i1e.out;                                           YES; YES; NO;  NO;       DT_DF; YES;     NO;   NO;           0;
aten::special_laguerre_polynomial_l;                             YES; YES; NO;  NO;       DT_DT; YES;     NO;   NO;           0;
aten::special_laguerre_polynomial_l.out;                         YES; YES; NO;  NO;       DT_DF; YES;     NO;   NO;           0;
aten::special_legendre_polynomial_p;                             YES; YES; NO;  NO;       DT_DT; YES;     NO;   NO;           0;
aten::special_legendre_polynomial_p.out;                         YES; YES; NO;  NO;       DT_DF; YES;     NO;   NO;           0;
aten::special_log_ndtr;                                          YES; YES; NO;  NO;       DT_DT; YES;     NO;   NO;           0;
aten::special_log_ndtr.out;                                      YES; YES; NO;  NO;       DT_DF; YES;     NO;   NO;           0;
aten::special_modified_bessel_i0;                                YES; YES; NO;  NO;       DT_DT; YES;     NO;   NO;           0;
aten::special_modified_bessel_i0.out;                            YES; YES; NO;  NO;       DT_DF; YES;     NO;   NO;           0;
aten::special_modified_bessel_i1;                                YES; YES; NO;  NO;       DT_DT; YES;     NO;   NO;           0;
aten::special_modified_bessel_i1.out;                            YES; YES; NO;  NO;       DT_DF; YES;     NO;   NO;           0;
aten::special_modified_bessel_k0;                                YES; YES; NO;  NO;       DT_DT; YES;     NO;   NO;           0;
aten::special_modified_bessel_k0.out;                            YES; YES; NO;  NO;       DT_DF; YES;     NO;   NO;           0;
aten::special_modified_bessel_k1;                                YES; YES; NO;  NO;       DT_DT; YES;     NO;   NO;           0;
aten::special_modified_bessel_k1.out;                            YES; YES; NO;  NO;       DT_DF; YES;     NO;   NO;           0;
aten::special_ndtri;                                             YES; YES; NO;  NO;       DT_DT; YES;     NO;   NO;           0;
aten::special_ndtri.out;                                         YES; YES; NO;  NO;       DT_DF; YES;     NO;   NO;           0;
aten::special_scaled_modified_bessel_k0;                         YES; YES; NO;  NO;       DT_DT; YES;     NO;   NO;           0;
aten::special_scaled_modified_bessel_k0.out;                     YES; YES; NO;  NO;       DT_DF; YES;     NO;   NO;           0;
aten::special_scaled_modified_bessel_k1;                         YES; YES; NO;  NO;       DT_DT; YES;     NO;   NO;           0;
aten::special_scaled_modified_bessel_k1.out;                     YES; YES; NO;  NO;       DT_DF; YES;     NO;   NO;           0;
aten::special_shifted_chebyshev_polynomial_t;                    YES; YES; NO;  NO;       DT_DT; YES;     NO;   NO;           0;
aten::special_shifted_chebyshev_polynomial_t.out;                YES; YES; NO;  NO;       DT_DF; YES;     NO;   NO;           0;
aten::special_shifted_chebyshev_polynomial_u;                    YES; YES; NO;  NO;       DT_DT; YES;     NO;   NO;           0;
aten::special_shifted_chebyshev_polynomial_u.out;                YES; YES; NO;  NO;       DT_DF; YES;     NO;   NO;           0;
aten::special_shifted_chebyshev_polynomial_v;                    YES; YES; NO;  NO;       DT_DT; YES;     NO;   NO;           0;
aten::special_shifted_chebyshev_polynomial_v.out;                YES; YES; NO;  NO;       DT_DF; YES;     NO;   NO;           0;
aten::special_shifted_chebyshev_polynomial_w;                    YES; YES; NO;  NO;       DT_DT; YES;     NO;   NO;           0;
aten::special_shifted_chebyshev_polynomial_w.out;                YES; YES; NO;  NO;       DT_DF; YES;     NO;   NO;           0;
aten::special_spherical_bessel_j0;                               YES; YES; NO;  NO;       DT_DT; YES;     NO;   NO;           0;
aten::special_spherical_bessel_j0.out;                           YES; YES; NO;  NO;       DT_DF; YES;     NO;   NO;           0;
aten::special_xlog1py;                                           YES; YES; YES; NO;       DT_DT; NO;      NO;   NO;           0;
aten::special_xlog1py.other_scalar;                              NO;  NO;  YES; NO;       DT_DT; NO;      NO;   NO;           0;
aten::special_xlog1py.other_scalar_out;                          NO;  NO;  YES; NO;       DT_DT; NO;      NO;   NO;           0;
aten::special_xlog1py.out;                                       YES; YES; YES; NO;       DT_DF; NO;      NO;   NO;           0;
aten::special_xlog1py.self_scalar;                               NO;  NO;  YES; NO;       DT_DT; NO;      NO;   NO;           0;
aten::special_xlog1py.self_scalar_out;                           NO;  NO;  YES; NO;       DT_DT; NO;      NO;   NO;           0;
aten::special_zeta;                                              YES; YES; NO;  NO;       DT_DT; YES;     NO;   NO;           0;
aten::special_zeta.out;                                          YES; YES; NO;  NO;       DT_DF; YES;     NO;   NO;           0;
aten::split.Tensor;                                              NO;  NO;  YES; NO;       DT_DT; NO;      YES;  NO;           0;
aten::split_with_sizes;                                          NO;  NO;  YES; NO;       DT_DT; NO;      YES;  NO;           0;
aten::sqrt;                                                      YES; YES; YES; NO;       DT_DT; NO;      YES;  NO;           0;
aten::sqrt.out;                                                  YES; YES; YES; NO;       DT_DF; NO;      NO;   NO;           0;
aten::sqrt_;                                                     YES; YES; YES; NO;       DT_DT; NO;      NO;   NO;           0;
aten::squeeze;                                                   NO;  NO;  YES; NO;       DT_DT; NO;      NO;   NO;           0;
aten::squeeze.dim;                                               NO;  NO;  YES; NO;       DT_DT; NO;      YES;  NO;           0;
aten::squeeze.dims;                                              NO;  NO;  YES; NO;       DT_DT; NO;      NO;   NO;           0;
aten::squeeze_;                                                  NO;  NO;  YES; NO;       DT_DT; NO;      NO;   NO;           0;
aten::squeeze_.dim;                                              NO;  NO;  YES; NO;       DT_DT; NO;      NO;   NO;           0;
aten::sspaddmm.out;                                              YES; YES; NO;  NO;       DT_DF; YES;     NO;   NO;           0;
aten::std.correction;                                            YES; YES; YES; NO;       DT_DF; NO;      NO;   NO;           0;
aten::std.correction_out;                                        YES; YES; YES; NO;       DT_DF; NO;      NO;   NO;           0;
aten::std_mean.correction;                                       YES; YES; YES; NO;       DT_DF; NO;      NO;   NO;           0;
aten::sub.Scalar;                                                NO;  NO;  YES; NO;       DT_DT; NO;      YES;  NO;           0;
aten::sub.Scalar_out;                                            NO;  NO;  YES; NO;       DT_DT; NO;      NO;   NO;           0;
aten::sub.Tensor;                                                YES; YES; YES; NO;       DT_DT; NO;      YES;  NO;           0;
aten::sub.out;                                                   YES; YES; YES; NO;       DT_DF; NO;      NO;   NO;           0;
aten::sub_.Scalar;                                               NO;  NO;  YES; NO;       DT_DT; NO;      NO;   NO;           0;
aten::sub_.Tensor;                                               YES; YES; YES; NO;       DT_DT; NO;      YES;  NO;           0;
aten::sum;                                                       NO;  NO;  YES; NO;       DT_DT; NO;      YES;  NO;           0;
aten::sum.IntList_out;                                           YES; YES; YES; NO;       DT_DF; NO;      NO;   NO;           0;
aten::sum.dim_IntList;                                           YES; YES; YES; NO;       DT_DT; NO;      YES;  NO;           0;
aten::t;                                                         NO;  NO;  YES; NO;       DT_DT; NO;      YES;  NO;           0;
aten::take;                                                      YES; YES; YES; NO;       DT_DF; NO;      NO;   NO;           0;
aten::take.out;                                                  YES; YES; YES; NO;       DT_DF; NO;      NO;   NO;           0;
aten::tan;                                                       YES; YES; YES; NO;       DT_DT; NO;      YES;  NO;           0;
aten::tan.out;                                                   YES; YES; YES; NO;       DT_DF; NO;      NO;   NO;           0;
aten::tan_;                                                      YES; YES; YES; NO;       DT_DT; NO;      NO;   NO;           0;
aten::tanh;                                                      YES; YES; YES; NO;       DT_DT; NO;      YES;  NO;           0;
aten::tanh.out;                                                  YES; YES; YES; NO;       DT_DF; NO;      NO;   NO;           0;
aten::tanh_;                                                     YES; YES; YES; NO;       DT_DT; NO;      YES;  NO;           0;
aten::tanh_backward;                                             YES; YES; YES; NO;       DT_DT; NO;      NO;   NO;           0;
aten::tanh_backward.grad_input;                                  YES; YES; YES; NO;       DT_DF; NO;      NO;   NO;           0;
aten::threshold;                                                 YES; YES; YES; NO;       DT_DT; NO;      NO;   NO;           0;
aten::threshold.out;                                             YES; YES; YES; NO;       DT_DF; NO;      NO;   NO;           0;
aten::threshold_;                                                YES; YES; YES; NO;       DT_DT; NO;      NO;   NO;           0;
aten::threshold_backward;                                        YES; YES; YES; NO;       DT_DT; NO;      NO;   NO;           0;
aten::threshold_backward.grad_input;                             YES; YES; YES; NO;       DT_DF; NO;      NO;   NO;           0;
aten::to_mkldnn;                                                 YES; NO;  NO;  NO;       DT_DF; NO;      NO;   NO;           0;
aten::topk;                                                      YES; YES; YES; NO;       DT_DT; NO;      YES;  NO;           0;
aten::topk.values;                                               YES; YES; YES; NO;       DT_DF; NO;      NO;   NO;           0;
aten::trace;                                                     YES; YES; YES; NO;       DT_DF; NO;      NO;   NO;           0;
aten::transpose.int;                                             NO;  NO;  YES; NO;       DT_DT; NO;      YES;  NO;           0;
aten::triangular_solve;                                          YES; YES; NO;  NO;       DT_DT; YES;     NO;   NO;           0;
aten::triangular_solve.X;                                        YES; YES; NO;  NO;       DT_DF; YES;     NO;   NO;           0;
aten::tril;                                                      YES; YES; YES; NO;       DT_DT; NO;      NO;   NO;           0;
aten::tril.out;                                                  YES; YES; YES; NO;       DT_DF; NO;      NO;   NO;           0;
aten::tril_;                                                     YES; YES; YES; NO;       DT_DT; NO;      NO;   NO;           0;
aten::tril_indices;                                              YES; YES; NO;  NO;       DT_DF; YES;     NO;   NO;           0;
aten::triu;                                                      YES; YES; YES; NO;       DT_DT; NO;      NO;   NO;           0;
aten::triu.out;                                                  YES; YES; YES; NO;       DT_DF; NO;      NO;   NO;           0;
aten::triu_;                                                     YES; YES; YES; NO;       DT_DT; NO;      NO;   NO;           0;
aten::triu_indices;                                              YES; YES; NO;  NO;       DT_DF; YES;     NO;   NO;           0;
aten::trunc;                                                     YES; YES; YES; NO;       DT_DT; NO;      NO;   NO;           0;
aten::trunc.out;                                                 YES; YES; YES; NO;       DT_DF; NO;      NO;   NO;           0;
aten::trunc_;                                                    YES; YES; YES; NO;       DT_DT; NO;      NO;   NO;           0;
aten::unbind.int;                                                NO;  NO;  YES; NO;       DT_DT; NO;      YES;  NO;           0;
aten::unfold;                                                    YES; YES; NO;  NO;       DT_DF; YES;     NO;   NO;           0;
aten::unfold_backward;                                           YES; YES; NO;  NO;       DT_DF; YES;     NO;   NO;           0;
aten::uniform_;                                                  YES; YES; YES; NO;       DT_DF; NO;      NO;   NO;           0;
aten::unique_consecutive;                                        YES; YES; NO;  NO;       DT_DF; YES;     NO;   NO;           0;
aten::unique_dim;                                                YES; YES; YES; NO;       DT_DF; NO;      NO;   NO;           0;
aten::unique_dim_consecutive;                                    YES; YES; NO;  NO;       DT_DF; YES;     NO;   NO;           0;
aten::unsqueeze;                                                 NO;  NO;  YES; NO;       DT_DT; NO;      YES;  YES;          2; googlenet, inception_v3
aten::unsqueeze_;                                                NO;  NO;  YES; NO;       DT_DT; NO;      NO;   NO;           0;
aten::upsample_bicubic2d;                                        YES; YES; YES; NO;       DT_DT; NO;      NO;   NO;           0;
aten::upsample_bicubic2d.out;                                    YES; YES; YES; NO;       DT_DF; NO;      NO;   NO;           0;
aten::upsample_bicubic2d_backward;                               YES; YES; YES; NO;       DT_DT; NO;      NO;   NO;           0;
aten::upsample_bicubic2d_backward.grad_input;                    YES; YES; YES; NO;       DT_DF; NO;      NO;   NO;           0;
aten::upsample_bilinear2d;                                       YES; YES; YES; NO;       DT_DT; NO;      YES;  NO;           0;
aten::upsample_bilinear2d.out;                                   YES; YES; YES; NO;       DT_DF; NO;      NO;   NO;           0;
aten::upsample_bilinear2d_backward;                              YES; YES; YES; NO;       DT_DT; NO;      NO;   NO;           0;
aten::upsample_bilinear2d_backward.grad_input;                   YES; YES; YES; NO;       DT_DF; NO;      NO;   NO;           0;
aten::upsample_linear1d;                                         YES; YES; YES; NO;       DT_DT; NO;      YES;  NO;           0;
aten::upsample_linear1d.out;                                     YES; YES; YES; NO;       DT_DF; NO;      NO;   NO;           0;
aten::upsample_linear1d_backward;                                YES; YES; YES; NO;       DT_DT; NO;      NO;   NO;           0;
aten::upsample_linear1d_backward.grad_input;                     YES; YES; YES; NO;       DT_DF; NO;      NO;   NO;           0;
aten::upsample_nearest1d;                                        YES; YES; YES; NO;       DT_DT; NO;      YES;  NO;           0;
aten::upsample_nearest1d.out;                                    YES; YES; YES; NO;       DT_DF; NO;      NO;   NO;           0;
aten::upsample_nearest1d_backward;                               YES; YES; YES; NO;       DT_DT; NO;      NO;   NO;           0;
aten::upsample_nearest1d_backward.grad_input;                    YES; YES; YES; NO;       DT_DF; NO;      NO;   NO;           0;
aten::upsample_nearest2d;                                        YES; YES; YES; NO;       DT_DT; NO;      YES;  NO;           0;
aten::upsample_nearest2d.out;                                    YES; YES; YES; NO;       DT_DF; NO;      NO;   NO;           0;
aten::upsample_nearest2d_backward;                               YES; YES; YES; NO;       DT_DT; NO;      NO;   NO;           0;
aten::upsample_nearest2d_backward.grad_input;                    YES; YES; YES; NO;       DT_DF; NO;      NO;   NO;           0;
aten::upsample_nearest3d;                                        YES; YES; YES; NO;       DT_DT; NO;      YES;  NO;           0;
aten::upsample_nearest3d.out;                                    YES; YES; YES; NO;       DT_DF; NO;      NO;   NO;           0;
aten::upsample_nearest3d_backward;                               YES; YES; YES; NO;       DT_DT; NO;      NO;   NO;           0;
aten::upsample_nearest3d_backward.grad_input;                    YES; YES; YES; NO;       DT_DF; NO;      NO;   NO;           0;
aten::upsample_trilinear3d;                                      YES; YES; NO;  NO;       DT_DT; YES;     YES;  NO;           0;
aten::upsample_trilinear3d.out;                                  YES; YES; NO;  NO;       DT_DF; YES;     NO;   NO;           0;
aten::upsample_trilinear3d_backward;                             YES; YES; NO;  NO;       DT_DT; YES;     NO;   NO;           0;
aten::upsample_trilinear3d_backward.grad_input;                  YES; YES; NO;  NO;       DT_DF; YES;     NO;   NO;           0;
aten::var.correction;                                            YES; YES; YES; NO;       DT_DF; NO;      NO;   NO;           0;
aten::var.correction_out;                                        YES; YES; YES; NO;       DT_DF; NO;      NO;   NO;           0;
aten::var_mean.correction;                                       YES; YES; YES; NO;       DT_DF; NO;      NO;   NO;           0;
aten::vdot;                                                      YES; YES; YES; NO;       DT_DF; NO;      NO;   NO;           0;
aten::vdot.out;                                                  NO;  NO;  YES; NO;       DT_DT; NO;      NO;   NO;           0;
aten::view;                                                      YES; YES; YES; NO;       DT_DF; NO;      YES;  YES;          2; dlrm_a, dlrm_github
aten::view.dtype;                                                NO;  NO;  YES; NO;       DT_DT; NO;      NO;   NO;           0;
aten::view_as_complex;                                           YES; YES; NO;  NO;       DT_DF; YES;     NO;   NO;           0;
aten::view_as_real;                                              YES; YES; NO;  NO;       DT_DF; YES;     NO;   NO;           0;
aten::where.self;                                                YES; YES; YES; NO;       DT_DF; NO;      NO;   NO;           0;
aten::where.self_out;                                            YES; YES; YES; NO;       DT_DF; NO;      NO;   NO;           0;
aten::xlogy.OutScalar_Other;                                     NO;  NO;  YES; NO;       DT_DT; NO;      NO;   NO;           0;
aten::xlogy.OutScalar_Self;                                      NO;  NO;  YES; NO;       DT_DT; NO;      NO;   NO;           0;
aten::xlogy.OutTensor;                                           YES; YES; YES; NO;       DT_DF; NO;      NO;   NO;           0;
aten::xlogy.Scalar_Other;                                        NO;  NO;  YES; NO;       DT_DT; NO;      NO;   NO;           0;
aten::xlogy.Scalar_Self;                                         NO;  NO;  YES; NO;       DT_DT; NO;      NO;   NO;           0;
aten::xlogy.Tensor;                                              YES; YES; YES; NO;       DT_DT; NO;      NO;   NO;           0;
aten::xlogy_.Scalar_Other;                                       NO;  NO;  YES; NO;       DT_DT; NO;      NO;   NO;           0;
aten::xlogy_.Tensor;                                             YES; YES; YES; NO;       DT_DT; NO;      NO;   NO;           0;
aten::zero_;                                                     YES; YES; YES; NO;       DT_DF; NO;      NO;   NO;           0;
c10d::_allgather_base_;                                          YES; YES; NO;  NA;       NA;    YES;     NO;   NO;           0;
c10d::_reduce_scatter_base_;                                     YES; YES; NO;  NA;       NA;    YES;     NO;   NO;           0;
c10d::allgather_;                                                YES; YES; NO;  NA;       NA;    YES;     NO;   NO;           0;
c10d::allgather_coalesced_;                                      YES; YES; NO;  NA;       NA;    YES;     NO;   NO;           0;
c10d::allgather_into_tensor_coalesced_;                          YES; YES; NO;  NA;       NA;    YES;     NO;   NO;           0;
c10d::allreduce_;                                                YES; YES; NO;  NA;       NA;    YES;     NO;   NO;           0;
c10d::allreduce_coalesced_;                                      YES; YES; NO;  NA;       NA;    YES;     NO;   NO;           0;
c10d::alltoall_;                                                 YES; YES; NO;  NA;       NA;    YES;     NO;   NO;           0;
c10d::alltoall_base_;                                            YES; YES; NO;  NA;       NA;    YES;     NO;   NO;           0;
c10d::barrier;                                                   YES; YES; NO;  NA;       NA;    YES;     NO;   NO;           0;
c10d::broadcast_;                                                YES; YES; NO;  NA;       NA;    YES;     NO;   NO;           0;
c10d::gather_;                                                   YES; YES; NO;  NA;       NA;    YES;     NO;   NO;           0;
c10d::monitored_barrier_;                                        YES; NO;  NO;  NA;       NA;    NO;      NO;   NO;           0;
c10d::recv_;                                                     YES; YES; NO;  NA;       NA;    YES;     NO;   NO;           0;
c10d::recv_any_source_;                                          YES; YES; NO;  NA;       NA;    YES;     NO;   NO;           0;
c10d::reduce_;                                                   YES; YES; NO;  NA;       NA;    YES;     NO;   NO;           0;
c10d::reduce_scatter_;                                           YES; YES; NO;  NA;       NA;    YES;     NO;   NO;           0;
c10d::reduce_scatter_tensor_coalesced_;                          YES; YES; NO;  NA;       NA;    YES;     NO;   NO;           0;
c10d::scatter_;                                                  YES; YES; NO;  NA;       NA;    YES;     NO;   NO;           0;
c10d::send;                                                      YES; YES; NO;  NA;       NA;    YES;     NO;   NO;           0;
hpu::cast_from_fp8;                                              NO;  NO;  YES; NA;       NA;    NO;      NO;   NO;           0;
hpu::cast_to_fp8;                                                NO;  NO;  YES; NA;       NA;    NO;      NO;   NO;           0;
hpu::cast_to_fp8_v2;                                             NO;  NO;  YES; NA;       NA;    NO;      NO;   NO;           0;
hpu::conv2d_fp8;                                                 NO;  NO;  YES; NA;       NA;    NO;      NO;   NO;           0;
hpu::custom_softmax;                                             NO;  NO;  YES; NA;       NA;    NO;      NO;   NO;           0;
hpu::fp8_bgrad_dgelu;                                            NO;  NO;  YES; NA;       NA;    NO;      NO;   NO;           0;
hpu::fp8_cast_transpose;                                         NO;  NO;  YES; NA;       NA;    NO;      NO;   NO;           0;
hpu::fp8_cast_transpose_bgrad;                                   NO;  NO;  YES; NA;       NA;    NO;      NO;   NO;           0;
hpu::fp8_cast_transpose_bgrad_dgelu;                             NO;  NO;  YES; NA;       NA;    NO;      NO;   NO;           0;
hpu::fp8_copy_;                                                  NO;  NO;  YES; NA;       NA;    NO;      NO;   NO;           0;
hpu::fp8_dropout;                                                NO;  NO;  YES; NA;       NA;    NO;      NO;   NO;           0;
hpu::fp8_fast_softmax;                                           NO;  NO;  YES; NA;       NA;    NO;      NO;   NO;           0;
hpu::fp8_gelu;                                                   NO;  NO;  YES; NA;       NA;    NO;      NO;   NO;           0;
hpu::fp8_gelu_v2;                                                NO;  NO;  YES; NA;       NA;    NO;      NO;   NO;           0;
hpu::fp8_gemm;                                                   NO;  NO;  YES; NA;       NA;    NO;      NO;   NO;           0;
hpu::fp8_gemm_v2;                                                NO;  NO;  YES; NA;       NA;    NO;      NO;   NO;           0;
hpu::fp8_index_copy_;                                            NO;  NO;  YES; NA;       NA;    NO;      NO;   NO;           0;
hpu::fp8_index_select_v2;                                        NO;  NO;  YES; NA;       NA;    NO;      NO;   NO;           0;
hpu::fp8_kv_reorder_;                                            NO;  NO;  YES; NA;       NA;    NO;      NO;   NO;           0;
hpu::fp8_layernorm;                                              NO;  NO;  YES; NA;       NA;    NO;      NO;   NO;           0;
hpu::fp8_permute;                                                NO;  NO;  YES; NA;       NA;    NO;      NO;   NO;           0;
hpu::fp8_repeat_v2;                                              NO;  NO;  YES; NA;       NA;    NO;      NO;   NO;           0;
hpu::fp8_reshape;                                                NO;  NO;  YES; NA;       NA;    NO;      NO;   NO;           0;
hpu::fp8_transpose;                                              NO;  NO;  YES; NA;       NA;    NO;      NO;   NO;           0;
hpu::in_place_interleave_;                                       NO;  NO;  YES; NA;       NA;    NO;      NO;   NO;           0;
hpu::kv_reorder_;                                                NO;  NO;  YES; NA;       NA;    NO;      NO;   NO;           0;
hpu::masked_batch_gemm;                                          NO;  NO;  YES; NA;       NA;    NO;      NO;   NO;           0;
hpu::optimizer_adamw;                                            NO;  NO;  YES; NA;       NA;    NO;      NO;   NO;           0;
hpu::optimizer_lamb_fused_norm;                                  NO;  NO;  YES; NA;       NA;    NO;      NO;   NO;           0;
hpu::optimizer_lamb_phase1;                                      NO;  NO;  YES; NA;       NA;    NO;      NO;   NO;           0;
hpu::optimizer_lamb_phase2;                                      NO;  NO;  YES; NA;       NA;    NO;      NO;   NO;           0;
hpu::optimizer_resource_apply_momentum;                          NO;  NO;  YES; NA;       NA;    NO;      NO;   NO;           0;
hpu::ragged_softmax;                                             NO;  NO;  YES; NA;       NA;    NO;      NO;   NO;           0;
hpu::rms_norm;                                                   NO;  NO;  YES; NA;       NA;    NO;      NO;   NO;           0;
hpu::rms_norm_backward;                                          NO;  NO;  YES; NA;       NA;    NO;      NO;   NO;           0;
hpu::rotary_pos_embedding;                                       NO;  NO;  YES; NA;       NA;    NO;      NO;   NO;           0;
hpu::rotary_pos_embedding_backward;                              NO;  NO;  YES; NA;       NA;    NO;      NO;   NO;           0;
hpu::scaled_masked_softmax;                                      NO;  NO;  YES; NA;       NA;    NO;      NO;   NO;           0;
hpu::scaled_masked_triangular_softmax;                           NO;  NO;  YES; NA;       NA;    NO;      NO;   NO;           0;
hpu::scaled_triangular_softmax;                                  NO;  NO;  YES; NA;       NA;    NO;      NO;   NO;           0;
hpu::scaled_triangular_softmax_retain;                           NO;  NO;  YES; NA;       NA;    NO;      NO;   NO;           0;
hpu::sdpa_bwd;                                                   NO;  NO;  YES; NA;       NA;    NO;      NO;   NO;           0;
mkl::_mkl_linear;                                                YES; NO;  NO;  NA;       NA;    NO;      NO;   NO;           0;
mkl::_mkl_reorder_linear_weight;                                 YES; NO;  NO;  NA;       NA;    NO;      NO;   NO;           0;
mkldnn::_convolution_pointwise;                                  YES; NO;  NO;  NA;       NA;    NO;      NO;   NO;           0;
mkldnn::_convolution_pointwise.binary;                           YES; NO;  NO;  NA;       NA;    NO;      NO;   NO;           0;
mkldnn::_convolution_pointwise_.binary;                          YES; NO;  NO;  NA;       NA;    NO;      NO;   NO;           0;
mkldnn::_convolution_transpose_pointwise;                        YES; NO;  NO;  NA;       NA;    NO;      NO;   NO;           0;
mkldnn::_linear_pointwise;                                       YES; NO;  NO;  NA;       NA;    NO;      NO;   NO;           0;
mkldnn::_linear_pointwise.binary;                                YES; NO;  NO;  NA;       NA;    NO;      NO;   NO;           0;
mkldnn::_reorder_convolution_transpose_weight;                   YES; NO;  NO;  NA;       NA;    NO;      NO;   NO;           0;
mkldnn::_reorder_convolution_weight;                             YES; NO;  NO;  NA;       NA;    NO;      NO;   NO;           0;
mkldnn::_reorder_linear_weight;                                  YES; NO;  NO;  NA;       NA;    NO;      NO;   NO;           0;
mkldnn::_reorder_mkldnn_rnn_layer_weight;                        YES; NO;  NO;  NA;       NA;    NO;      NO;   NO;           0;
mkldnn_prepacked::conv2d_prepack;                                YES; NO;  NO;  NA;       NA;    NO;      NO;   NO;           0;
mkldnn_prepacked::conv2d_run;                                    YES; NO;  NO;  NA;       NA;    NO;      NO;   NO;           0;
onednn::qconv_prepack;                                           YES; NO;  NO;  NA;       NA;    NO;      NO;   NO;           0;
onednn::qlinear_prepack;                                         YES; NO;  NO;  NA;       NA;    NO;      NO;   NO;           0;
prepacked::conv2d_clamp_prepack;                                 YES; NO;  NO;  NA;       NA;    NO;      NO;   NO;           0;
prepacked::conv2d_clamp_run;                                     YES; NO;  NO;  NA;       NA;    NO;      NO;   NO;           0;
prepacked::conv2d_transpose_clamp_prepack;                       YES; NO;  NO;  NA;       NA;    NO;      NO;   NO;           0;
prepacked::conv2d_transpose_clamp_run;                           YES; NO;  NO;  NA;       NA;    NO;      NO;   NO;           0;
prepacked::linear_clamp_prepack;                                 YES; NO;  NO;  NA;       NA;    NO;      NO;   NO;           0;
prepacked::linear_clamp_run;                                     YES; NO;  NO;  NA;       NA;    NO;      NO;   NO;           0;
quantization::_Bfloat16QuantizedToFloat;                         YES; YES; NO;  NA;       NA;    YES;     NO;   NO;           0;
quantization::_FloatToBfloat16Quantized;                         YES; YES; NO;  NA;       NA;    YES;     NO;   NO;           0;
quantized::conv1d_dynamic;                                       YES; NO;  NO;  NA;       NA;    NO;      NO;   NO;           0;
quantized::conv2d_dynamic;                                       YES; NO;  NO;  NA;       NA;    NO;      NO;   NO;           0;
quantized::conv3d_dynamic;                                       YES; NO;  NO;  NA;       NA;    NO;      NO;   NO;           0;
quantized::conv_transpose1d_dynamic;                             YES; NO;  NO;  NA;       NA;    NO;      NO;   NO;           0;
quantized::conv_transpose2d_dynamic;                             YES; NO;  NO;  NA;       NA;    NO;      NO;   NO;           0;
quantized::conv_transpose3d_dynamic;                             YES; NO;  NO;  NA;       NA;    NO;      NO;   NO;           0;
quantized::embedding_4bit;                                       YES; NO;  NO;  NA;       NA;    NO;      NO;   NO;           0;
quantized::embedding_bag_2bit_prepack;                           YES; NO;  NO;  NA;       NA;    NO;      NO;   NO;           0;
quantized::embedding_bag_2bit_rowwise_offsets;                   YES; NO;  NO;  NA;       NA;    NO;      NO;   NO;           0;
quantized::embedding_bag_2bit_unpack;                            YES; NO;  NO;  NA;       NA;    NO;      NO;   NO;           0;
quantized::embedding_bag_4bit;                                   YES; NO;  NO;  NA;       NA;    NO;      NO;   NO;           0;
quantized::embedding_bag_4bit_prepack;                           YES; NO;  NO;  NA;       NA;    NO;      NO;   NO;           0;
quantized::embedding_bag_4bit_rowwise_offsets;                   YES; YES; NO;  NA;       NA;    YES;     NO;   NO;           0;
quantized::embedding_bag_4bit_unpack;                            YES; YES; NO;  NA;       NA;    YES;     NO;   NO;           0;
quantized::embedding_bag_byte;                                   YES; NO;  NO;  NA;       NA;    NO;      NO;   NO;           0;
quantized::embedding_bag_byte_prepack;                           YES; NO;  NO;  NA;       NA;    NO;      NO;   NO;           0;
quantized::embedding_bag_byte_rowwise_offsets;                   YES; YES; NO;  NA;       NA;    YES;     NO;   NO;           0;
quantized::embedding_bag_byte_unpack;                            YES; YES; NO;  NA;       NA;    YES;     NO;   NO;           0;
quantized::embedding_byte;                                       YES; NO;  NO;  NA;       NA;    NO;      NO;   NO;           0;
quantized::linear_dynamic;                                       YES; NO;  NO;  NA;       NA;    NO;      NO;   NO;           0;
quantized::linear_dynamic_fp16;                                  YES; NO;  NO;  NA;       NA;    NO;      NO;   NO;           0;
quantized::linear_prepack_fp16;                                  YES; NO;  NO;  NA;       NA;    NO;      NO;   NO;           0;
quantized::linear_prepack_fp16_legacy;                           YES; NO;  NO;  NA;       NA;    NO;      NO;   NO;           0;
quantized::linear_relu_dynamic;                                  YES; NO;  NO;  NA;       NA;    NO;      NO;   NO;           0;
quantized::linear_relu_dynamic_fp16;                             YES; NO;  NO;  NA;       NA;    NO;      NO;   NO;           0;
quantized::linear_unpack.legacy;                                 YES; NO;  NO;  NA;       NA;    NO;      NO;   NO;           0;
quantized::linear_unpack_fp16.legacy;                            YES; NO;  NO;  NA;       NA;    NO;      NO;   NO;           0;
quantized::linear_with_input_q_dq_qweight_dq_output_fp32;        YES; NO;  NO;  NA;       NA;    NO;      NO;   NO;           0;
quantized::linear_with_input_q_dq_qweight_dq_relu_output_fp32;   YES; NO;  NO;  NA;       NA;    NO;      NO;   NO;           0;
quantized::make_quantized_cell_params;                           YES; NO;  NO;  NA;       NA;    NO;      NO;   NO;           0;
quantized::make_quantized_cell_params_dynamic;                   YES; NO;  NO;  NA;       NA;    NO;      NO;   NO;           0;
quantized::max_pool2d;                                           YES; NO;  NO;  NA;       NA;    NO;      NO;   NO;           0;
quantized::quantized_gru_cell_dynamic;                           YES; NO;  NO;  NA;       NA;    NO;      NO;   NO;           0;
quantized::quantized_lstm_cell_dynamic;                          YES; NO;  NO;  NA;       NA;    NO;      NO;   NO;           0;
quantized::quantized_rnn_relu_cell_dynamic;                      YES; NO;  NO;  NA;       NA;    NO;      NO;   NO;           0;
quantized::quantized_rnn_tanh_cell_dynamic;                      YES; NO;  NO;  NA;       NA;    NO;      NO;   NO;           0;
sparse::qlinear_dynamic;                                         YES; NO;  NO;  NA;       NA;    NO;      NO;   NO;           0;
sparse::qlinear_relu_dynamic;                                    YES; NO;  NO;  NA;       NA;    NO;      NO;   NO;           0;
torchvision::_roi_align_backward;                                NO;  NO;  YES; NA;       NA;    NO;      NO;   NO;           0;
torchvision::nms;                                                NO;  NO;  YES; NA;       NA;    NO;      NO;   NO;           0;
torchvision::roi_align;                                          NO;  NO;  YES; NA;       NA;    NO;      NO;   NO;           0;
aten::adaptive_avg_pool2d;                                       NO;  NO;  NO;  YES;      DF_DT; NO;      YES;  YES;         11; alexnet, densenet161, googlenet, inception_v3, mobilenet_v2, resnet18, resnet50, resnext50_32x4d, squeezenet1_0, vgg16, wide_resnet50_2
aten::adaptive_avg_pool3d;                                       NO;  NO;  NO;  YES;      DF_DT; NO;      YES;  YES;          1; r3d_18
aten::chunk;                                                     NO;  NO;  NO;  NO;       DT_DT; NO;      NO;   YES;          1; shufflenet_v2_x1_0
aten::conv2d;                                                    NO;  NO;  NO;  YES;      DF_DT; NO;      NO;   YES;         13; alexnet, densenet161, googlenet, inception_v3, mnasnet1_0, mobilenet_v2, resnet18, resnet50, resnext50_32x4d, shufflenet_v2_x1_0, squeezenet1_0, vgg16, wide_resnet50_2
aten::conv3d;                                                    NO;  NO;  NO;  YES;      DF_DT; NO;      NO;   YES;          2; r3d_18, unet3d
aten::detach;                                                    NO;  NO;  NO;  NO;       DT_DT; NO;      NO;   YES;          1; dlrm_github
aten::embedding_bag;                                             NO;  NO;  NO;  YES;      DF_DT; NO;      NO;   YES;          2; dlrm_a, dlrm_github
aten::flatten;                                                   NO;  NO;  NO;  YES;      DF_DT; NO;      NO;   YES;         11; alexnet, densenet161, googlenet, inception_v3, r3d_18, resnet18, resnet50, resnext50_32x4d, squeezenet1_0, vgg16, wide_resnet50_2
aten::group_norm;                                                NO;  NO;  NO;  YES;      DF_DT; NO;      NO;   YES;          1; unet3d
aten::max_pool2d;                                                NO;  NO;  NO;  YES;      DF_DT; NO;      YES;  YES;         11; alexnet, densenet161, googlenet, inception_v3, resnet18, resnet50, resnext50_32x4d, shufflenet_v2_x1_0, squeezenet1_0, vgg16, wide_resnet50_2
aten::max_pool3d;                                                NO;  NO;  NO;  YES;      DF_DT; NO;      YES;  YES;          1; unet3d
aten::relu6;                                                     NO;  NO;  NO;  YES;      DF_DT; NO;      NO;   YES;          1; mobilenet_v2
aten::reshape;                                                   NO;  NO;  NO;  YES;      DF_DT; NO;      YES;  YES;          2; dlrm_a, mobilenet_v2
aten::select;                                                    NO;  NO;  NO;  YES;      DF_DT; NO;      NO;   YES;          2; googlenet, inception_v3
aten::to;                                                        NO;  NO;  NO;  YES;      DF_DT; NO;      NO;   YES;          1; dlrm_github
aten::transpose;                                                 NO;  NO;  NO;  NO;       DT_DT; NO;      NO;   YES;          2; dlrm_a, dlrm_github
preambler::_max_pool2d;                                          NO;  NO;  NO;  NA;       NA;    NO;      NO;   YES;          1; inception_v3
preambler::adagrad;                                              NO;  NO;  NO;  NA;       NA;    NO;      NO;   YES;          2; dlrm_a, dlrm_github
preambler::append;                                               NO;  NO;  NO;  NA;       NA;    NO;      NO;   YES;          1; densenet161
preambler::batch_norm2d;                                         NO;  NO;  NO;  NA;       NA;    NO;      NO;   YES;         10; densenet161, googlenet, inception_v3, mnasnet1_0, mobilenet_v2, resnet18, resnet50, resnext50_32x4d, shufflenet_v2_x1_0, wide_resnet50_2
preambler::batch_norm3d;                                         NO;  NO;  NO;  NA;       NA;    NO;      NO;   YES;          1; r3d_18
preambler::bce_loss;                                             NO;  NO;  NO;  NA;       NA;    NO;      NO;   YES;          2; dlrm_a, dlrm_github
preambler::conv3d_simple;                                        NO;  NO;  NO;  NA;       NA;    NO;      NO;   YES;          1; r3d_18
preambler::embedding_bag_rowwise_sparse_adagrad;                 NO;  NO;  NO;  NA;       NA;    NO;      NO;   YES;          2; dlrm_a, dlrm_github
preambler::embedding_bag_sparse_adagrad;                         NO;  NO;  NO;  NA;       NA;    NO;      NO;   YES;          2; dlrm_a, dlrm_github
preambler::embedding_bag_sparse_sgd;                             NO;  NO;  NO;  NA;       NA;    NO;      NO;   YES;          2; dlrm_a, dlrm_github
preambler::hogwild_sparse_adagrad;                               NO;  NO;  NO;  NA;       NA;    NO;      NO;   YES;          2; dlrm_a, dlrm_github
preambler::listconstruct;                                        NO;  NO;  NO;  NA;       NA;    NO;      NO;   YES;          8; densenet161, dlrm_a, dlrm_github, googlenet, inception_v3, shufflenet_v2_x1_0, squeezenet1_0, unet3d
preambler::numtotensor;                                          NO;  NO;  NO;  NA;       NA;    NO;      NO;   YES;          2; dlrm_a, dlrm_github
preambler::output0;                                              NO;  NO;  NO;  NA;       NA;    NO;      NO;   YES;         17; alexnet, densenet161, dlrm_a, dlrm_github, googlenet, inception_v3, mnasnet1_0, mobilenet_v2, r3d_18, resnet18, resnet50, resnext50_32x4d, shufflenet_v2_x1_0, squeezenet1_0, unet3d, vgg16, wide_resnet50_2
preambler::rowwise_sparse_adagrad;                               NO;  NO;  NO;  NA;       NA;    NO;      NO;   YES;          2; dlrm_a, dlrm_github
preambler::sgd;                                                  NO;  NO;  NO;  NA;       NA;    NO;      NO;   YES;          2; dlrm_a, dlrm_github
preambler::sparse_adagrad;                                       NO;  NO;  NO;  NA;       NA;    NO;      NO;   YES;          2; dlrm_a, dlrm_github
preambler::sparse_sgd;                                           NO;  NO;  NO;  NA;       NA;    NO;      NO;   YES;          2; dlrm_a, dlrm_github
preambler::upsampling;                                           NO;  NO;  NO;  NA;       NA;    NO;      NO;   YES;          1; unet3d
